-- phpMyAdmin SQL Dump
-- version 5.2.1
-- https://www.phpmyadmin.net/
--
-- Máy chủ: 127.0.0.1
-- Thời gian đã tạo: Th4 19, 2025 lúc 04:03 AM
-- Phiên bản máy phục vụ: 10.4.32-MariaDB
-- Phiên bản PHP: 8.0.30

SET SQL_MODE = "NO_AUTO_VALUE_ON_ZERO";
START TRANSACTION;
SET time_zone = "+00:00";


/*!40101 SET @OLD_CHARACTER_SET_CLIENT=@@CHARACTER_SET_CLIENT */;
/*!40101 SET @OLD_CHARACTER_SET_RESULTS=@@CHARACTER_SET_RESULTS */;
/*!40101 SET @OLD_COLLATION_CONNECTION=@@COLLATION_CONNECTION */;
/*!40101 SET NAMES utf8mb4 */;

--
-- Cơ sở dữ liệu: `hris`
--

-- --------------------------------------------------------

--
-- Cấu trúc bảng cho bảng `cham_cong`
--

CREATE TABLE `cham_cong` (
  `id` int(11) NOT NULL,
  `ma_nv` varchar(20) DEFAULT NULL,
  `ngay` date DEFAULT NULL,
  `check_in` time DEFAULT NULL,
  `check_out` time DEFAULT NULL,
  `so_gio_lam` decimal(5,2) DEFAULT NULL
) ENGINE=InnoDB DEFAULT CHARSET=utf8mb4 COLLATE=utf8mb4_general_ci;

--
-- Đang đổ dữ liệu cho bảng `cham_cong`
--

INSERT INTO `cham_cong` (`id`, `ma_nv`, `ngay`, `check_in`, `check_out`, `so_gio_lam`) VALUES
(2, 'NV001', '2025-02-03', '08:30:00', '17:30:00', 8.00),
(3, 'NV002', '2025-02-03', '08:30:00', '17:30:00', 8.00),
(4, 'NV003', '2025-02-03', '08:28:00', '17:30:00', 8.00),
(5, 'NV004', '2025-02-03', '08:30:00', '17:30:00', 8.00),
(6, 'NV005', '2025-02-03', '08:28:00', '17:30:00', 8.00),
(7, 'NV006', '2025-02-03', '08:30:00', '17:30:00', 8.00),
(8, 'NV007', '2025-02-03', '08:30:00', '17:30:00', 8.00),
(9, 'NV008', '2025-02-03', '08:30:00', '17:30:00', 8.00),
(10, 'NV009', '2025-02-03', '08:30:00', '17:30:00', 8.00),
(11, 'NV010', '2025-02-03', '08:30:00', '17:30:00', 8.00),
(12, 'NV011', '2025-02-03', '08:30:00', '17:30:00', 8.00),
(13, 'NV012', '2025-02-03', '08:30:00', '17:30:00', 8.00),
(14, 'NV013', '2025-02-03', '08:30:00', '17:30:00', 8.00),
(15, 'NV014', '2025-02-03', '08:30:00', '17:30:00', 8.00),
(16, 'NV015', '2025-02-03', '08:30:00', '17:30:00', 8.00),
(17, 'NV016', '2025-02-03', '08:30:00', '17:30:00', 8.00),
(18, 'NV017', '2025-02-03', '08:30:00', '17:30:00', 8.00),
(19, 'NV018', '2025-02-03', '08:34:00', '17:30:00', 7.93),
(20, 'NV019', '2025-02-03', '08:30:00', '17:30:00', 8.00),
(21, 'NV020', '2025-02-03', '08:35:00', '17:30:00', 7.92),
(22, 'NV001', '2025-02-04', '08:30:00', '17:30:00', 8.00),
(23, 'NV002', '2025-02-04', '08:30:00', '17:30:00', 8.00),
(24, 'NV003', '2025-02-04', '08:30:00', '17:30:00', 8.00),
(25, 'NV004', '2025-02-04', '08:30:00', '17:30:00', 8.00),
(26, 'NV005', '2025-02-04', '08:30:00', '17:30:00', 8.00),
(27, 'NV006', '2025-02-04', '08:27:00', '17:30:00', 8.00),
(28, 'NV007', '2025-02-04', '08:30:00', '17:30:00', 8.00),
(29, 'NV008', '2025-02-04', '08:25:00', '17:30:00', 8.00),
(30, 'NV009', '2025-02-04', '08:30:00', '17:30:00', 8.00),
(31, 'NV010', '2025-02-04', '08:30:00', '17:30:00', 8.00),
(32, 'NV011', '2025-02-04', '08:30:00', '17:30:00', 8.00),
(33, 'NV012', '2025-02-04', '08:30:00', '17:30:00', 8.00),
(34, 'NV013', '2025-02-04', '08:26:00', '17:30:00', 8.00),
(35, 'NV014', '2025-02-04', '08:30:00', '17:30:00', 8.00),
(36, 'NV015', '2025-02-04', '08:34:00', '17:30:00', 7.93),
(37, 'NV016', '2025-02-04', '08:30:00', '17:30:00', 8.00),
(38, 'NV017', '2025-02-04', '08:30:00', '17:30:00', 8.00),
(39, 'NV018', '2025-02-04', '08:34:00', '17:30:00', 7.93),
(40, 'NV019', '2025-02-04', '08:30:00', '17:30:00', 8.00),
(41, 'NV020', '2025-02-04', '08:30:00', '17:30:00', 8.00),
(42, 'NV001', '2025-02-05', '08:30:00', '17:30:00', 8.00),
(43, 'NV002', '2025-02-05', '08:30:00', '17:30:00', 8.00),
(44, 'NV003', '2025-02-05', '08:30:00', '17:30:00', 8.00),
(45, 'NV004', '2025-02-05', '08:30:00', '17:30:00', 8.00),
(46, 'NV005', '2025-02-05', '08:30:00', '17:30:00', 8.00),
(47, 'NV006', '2025-02-05', '08:30:00', '17:30:00', 8.00),
(48, 'NV007', '2025-02-05', '08:30:00', '17:30:00', 8.00),
(49, 'NV008', '2025-02-05', '08:30:00', '17:30:00', 8.00),
(50, 'NV009', '2025-02-05', '08:30:00', '17:30:00', 8.00),
(51, 'NV010', '2025-02-05', '08:30:00', '17:30:00', 8.00),
(52, 'NV011', '2025-02-05', '08:28:00', '17:30:00', 8.00),
(53, 'NV012', '2025-02-05', '08:30:00', '17:30:00', 8.00),
(54, 'NV013', '2025-02-05', '08:30:00', '17:30:00', 8.00),
(55, 'NV014', '2025-02-05', '08:30:00', '17:30:00', 8.00),
(56, 'NV015', '2025-02-05', '08:30:00', '17:30:00', 8.00),
(57, 'NV016', '2025-02-05', '08:30:00', '17:30:00', 8.00),
(58, 'NV017', '2025-02-05', '08:28:00', '17:30:00', 8.00),
(59, 'NV018', '2025-02-05', '08:30:00', '17:30:00', 8.00),
(60, 'NV019', '2025-02-05', '08:30:00', '17:30:00', 8.00),
(61, 'NV020', '2025-02-05', '08:30:00', '17:30:00', 8.00),
(62, 'NV001', '2025-02-06', '08:30:00', '17:30:00', 8.00),
(63, 'NV002', '2025-02-06', '08:30:00', '17:30:00', 8.00),
(64, 'NV003', '2025-02-06', '08:33:00', '17:30:00', 7.95),
(65, 'NV004', '2025-02-06', '08:25:00', '17:30:00', 8.00),
(66, 'NV005', '2025-02-06', '08:30:00', '17:30:00', 8.00),
(67, 'NV006', '2025-02-06', '08:30:00', '17:30:00', 8.00),
(68, 'NV007', '2025-02-06', '08:34:00', '17:30:00', 7.93),
(69, 'NV008', '2025-02-06', '08:30:00', '17:30:00', 8.00),
(70, 'NV009', '2025-02-06', '08:30:00', '17:30:00', 8.00),
(71, 'NV010', '2025-02-06', '08:30:00', '17:30:00', 8.00),
(72, 'NV011', '2025-02-06', '08:30:00', '17:30:00', 8.00),
(73, 'NV012', '2025-02-06', '08:30:00', '17:30:00', 8.00),
(74, 'NV013', '2025-02-06', '08:26:00', '17:30:00', 8.00),
(75, 'NV014', '2025-02-06', '08:30:00', '17:30:00', 8.00),
(76, 'NV015', '2025-02-06', '08:30:00', '17:30:00', 8.00),
(77, 'NV016', '2025-02-06', '08:30:00', '17:30:00', 8.00),
(78, 'NV017', '2025-02-06', '08:30:00', '17:30:00', 8.00),
(79, 'NV018', '2025-02-06', '08:30:00', '17:30:00', 8.00),
(80, 'NV019', '2025-02-06', '08:35:00', '17:30:00', 7.92),
(81, 'NV020', '2025-02-06', '08:30:00', '17:30:00', 8.00),
(82, 'NV001', '2025-02-07', '08:30:00', '17:30:00', 8.00),
(83, 'NV002', '2025-02-07', '08:30:00', '17:30:00', 8.00),
(84, 'NV003', '2025-02-07', '08:30:00', '17:30:00', 8.00),
(85, 'NV004', '2025-02-07', '08:30:00', '17:30:00', 8.00),
(86, 'NV005', '2025-02-07', '08:30:00', '17:30:00', 8.00),
(87, 'NV006', '2025-02-07', '08:30:00', '17:30:00', 8.00),
(88, 'NV007', '2025-02-07', '08:30:00', '17:30:00', 8.00),
(89, 'NV008', '2025-02-07', '08:30:00', '17:30:00', 8.00),
(90, 'NV009', '2025-02-07', '08:32:00', '17:30:00', 7.97),
(91, 'NV010', '2025-02-07', '08:30:00', '17:30:00', 8.00),
(92, 'NV011', '2025-02-07', '08:30:00', '17:30:00', 8.00),
(93, 'NV012', '2025-02-07', '08:30:00', '17:30:00', 8.00),
(94, 'NV013', '2025-02-07', '08:34:00', '17:30:00', 7.93),
(95, 'NV014', '2025-02-07', '08:30:00', '17:30:00', 8.00),
(96, 'NV015', '2025-02-07', '08:30:00', '17:30:00', 8.00),
(97, 'NV016', '2025-02-07', '08:30:00', '17:30:00', 8.00),
(98, 'NV017', '2025-02-07', '08:30:00', '17:30:00', 8.00),
(99, 'NV018', '2025-02-07', '08:30:00', '17:30:00', 8.00),
(100, 'NV019', '2025-02-07', '08:30:00', '17:30:00', 8.00),
(101, 'NV020', '2025-02-07', '08:30:00', '17:30:00', 8.00),
(102, 'NV001', '2025-02-10', '08:30:00', '17:30:00', 8.00),
(103, 'NV002', '2025-02-10', '08:30:00', '17:30:00', 8.00),
(104, 'NV003', '2025-02-10', '08:30:00', '17:30:00', 8.00),
(105, 'NV004', '2025-02-10', '08:28:00', '17:30:00', 8.00),
(106, 'NV005', '2025-02-10', '08:33:00', '17:30:00', 7.95),
(107, 'NV006', '2025-02-10', '08:30:00', '17:30:00', 8.00),
(108, 'NV007', '2025-02-10', '08:30:00', '17:30:00', 8.00),
(109, 'NV008', '2025-02-10', '08:27:00', '17:30:00', 8.00),
(110, 'NV009', '2025-02-10', '08:35:00', '17:30:00', 7.92),
(111, 'NV010', '2025-02-10', '08:30:00', '17:30:00', 8.00),
(112, 'NV011', '2025-02-10', '08:25:00', '17:30:00', 8.00),
(113, 'NV012', '2025-02-10', '08:30:00', '17:30:00', 8.00),
(114, 'NV013', '2025-02-10', '08:30:00', '17:30:00', 8.00),
(115, 'NV014', '2025-02-10', '08:30:00', '17:30:00', 8.00),
(116, 'NV015', '2025-02-10', '08:30:00', '17:30:00', 8.00),
(117, 'NV016', '2025-02-10', '08:30:00', '17:30:00', 8.00),
(118, 'NV017', '2025-02-10', '08:30:00', '17:30:00', 8.00),
(119, 'NV018', '2025-02-10', '08:30:00', '17:30:00', 8.00),
(120, 'NV019', '2025-02-10', '08:30:00', '17:30:00', 8.00),
(121, 'NV020', '2025-02-10', '08:30:00', '17:30:00', 8.00),
(122, 'NV001', '2025-02-11', '08:30:00', '17:30:00', 8.00),
(123, 'NV002', '2025-02-11', '08:30:00', '17:30:00', 8.00),
(124, 'NV003', '2025-02-11', '08:30:00', '17:30:00', 8.00),
(125, 'NV004', '2025-02-11', '08:30:00', '17:30:00', 8.00),
(126, 'NV005', '2025-02-11', '08:27:00', '17:30:00', 8.00),
(127, 'NV006', '2025-02-11', '08:35:00', '17:30:00', 7.92),
(128, 'NV007', '2025-02-11', '08:30:00', '17:30:00', 8.00),
(129, 'NV008', '2025-02-11', '08:27:00', '17:30:00', 8.00),
(130, 'NV009', '2025-02-11', '08:33:00', '17:30:00', 7.95),
(131, 'NV010', '2025-02-11', '08:34:00', '17:30:00', 7.93),
(132, 'NV011', '2025-02-11', '08:30:00', '17:30:00', 8.00),
(133, 'NV012', '2025-02-11', '08:26:00', '17:30:00', 8.00),
(134, 'NV013', '2025-02-11', '08:30:00', '17:30:00', 8.00),
(135, 'NV014', '2025-02-11', '08:30:00', '17:30:00', 8.00),
(136, 'NV015', '2025-02-11', '08:30:00', '17:30:00', 8.00),
(137, 'NV016', '2025-02-11', '08:30:00', '17:30:00', 8.00),
(138, 'NV017', '2025-02-11', '08:30:00', '17:30:00', 8.00),
(139, 'NV018', '2025-02-11', '08:30:00', '17:30:00', 8.00),
(140, 'NV019', '2025-02-11', '08:30:00', '17:30:00', 8.00),
(141, 'NV020', '2025-02-11', '08:30:00', '17:30:00', 8.00),
(142, 'NV001', '2025-02-12', '08:30:00', '17:30:00', 8.00),
(143, 'NV002', '2025-02-12', '08:30:00', '17:30:00', 8.00),
(144, 'NV003', '2025-02-12', '08:30:00', '17:30:00', 8.00),
(145, 'NV004', '2025-02-12', '08:30:00', '17:30:00', 8.00),
(146, 'NV005', '2025-02-12', '08:30:00', '17:30:00', 8.00),
(147, 'NV006', '2025-02-12', '08:30:00', '17:30:00', 8.00),
(148, 'NV007', '2025-02-12', '08:30:00', '17:30:00', 8.00),
(149, 'NV008', '2025-02-12', '08:30:00', '17:30:00', 8.00),
(150, 'NV009', '2025-02-12', '08:30:00', '17:30:00', 8.00),
(151, 'NV010', '2025-02-12', '08:30:00', '17:30:00', 8.00),
(152, 'NV011', '2025-02-12', '08:30:00', '17:30:00', 8.00),
(153, 'NV012', '2025-02-12', '08:30:00', '17:30:00', 8.00),
(154, 'NV013', '2025-02-12', '08:33:00', '17:30:00', 7.95),
(155, 'NV014', '2025-02-12', '08:30:00', '17:30:00', 8.00),
(156, 'NV015', '2025-02-12', '08:30:00', '17:30:00', 8.00),
(157, 'NV016', '2025-02-12', '08:30:00', '17:30:00', 8.00),
(158, 'NV017', '2025-02-12', '08:30:00', '17:30:00', 8.00),
(159, 'NV018', '2025-02-12', '08:30:00', '17:30:00', 8.00),
(160, 'NV019', '2025-02-12', '08:27:00', '17:30:00', 8.00),
(161, 'NV020', '2025-02-12', '08:30:00', '17:30:00', 8.00),
(162, 'NV001', '2025-02-13', '08:30:00', '17:30:00', 8.00),
(163, 'NV002', '2025-02-13', '08:30:00', '17:30:00', 8.00),
(164, 'NV003', '2025-02-13', '08:30:00', '17:30:00', 8.00),
(165, 'NV004', '2025-02-13', '08:27:00', '17:30:00', 8.00),
(166, 'NV005', '2025-02-13', '08:30:00', '17:30:00', 8.00),
(167, 'NV006', '2025-02-13', '08:30:00', '17:30:00', 8.00),
(168, 'NV007', '2025-02-13', '08:30:00', '17:30:00', 8.00),
(169, 'NV008', '2025-02-13', '08:30:00', '17:30:00', 8.00),
(170, 'NV009', '2025-02-13', '08:26:00', '17:30:00', 8.00),
(171, 'NV010', '2025-02-13', '08:25:00', '17:30:00', 8.00),
(172, 'NV011', '2025-02-13', '08:30:00', '17:30:00', 8.00),
(173, 'NV012', '2025-02-13', '08:30:00', '17:30:00', 8.00),
(174, 'NV013', '2025-02-13', '08:30:00', '17:30:00', 8.00),
(175, 'NV014', '2025-02-13', '08:33:00', '17:30:00', 7.95),
(176, 'NV015', '2025-02-13', '08:30:00', '17:30:00', 8.00),
(177, 'NV016', '2025-02-13', '08:30:00', '17:30:00', 8.00),
(178, 'NV017', '2025-02-13', '08:30:00', '17:30:00', 8.00),
(179, 'NV018', '2025-02-13', '08:26:00', '17:30:00', 8.00),
(180, 'NV019', '2025-02-13', '08:35:00', '17:30:00', 7.92),
(181, 'NV020', '2025-02-13', '08:30:00', '17:30:00', 8.00),
(182, 'NV001', '2025-02-14', '08:32:00', '17:30:00', 7.97),
(183, 'NV002', '2025-02-14', '08:30:00', '17:30:00', 8.00),
(184, 'NV003', '2025-02-14', '08:28:00', '17:30:00', 8.00),
(185, 'NV004', '2025-02-14', '08:30:00', '17:30:00', 8.00),
(186, 'NV005', '2025-02-14', '08:30:00', '17:30:00', 8.00),
(187, 'NV006', '2025-02-14', '08:30:00', '17:30:00', 8.00),
(188, 'NV007', '2025-02-14', '08:30:00', '17:30:00', 8.00),
(189, 'NV008', '2025-02-14', '08:30:00', '17:30:00', 8.00),
(190, 'NV009', '2025-02-14', '08:30:00', '17:30:00', 8.00),
(191, 'NV010', '2025-02-14', '08:30:00', '17:30:00', 8.00),
(192, 'NV011', '2025-02-14', '08:30:00', '17:30:00', 8.00),
(193, 'NV012', '2025-02-14', '08:35:00', '17:30:00', 7.92),
(194, 'NV013', '2025-02-14', '08:30:00', '17:30:00', 8.00),
(195, 'NV014', '2025-02-14', '08:30:00', '17:30:00', 8.00),
(196, 'NV015', '2025-02-14', '08:30:00', '17:30:00', 8.00),
(197, 'NV016', '2025-02-14', '08:30:00', '17:30:00', 8.00),
(198, 'NV017', '2025-02-14', '08:30:00', '17:30:00', 8.00),
(199, 'NV018', '2025-02-14', '08:30:00', '17:30:00', 8.00),
(200, 'NV019', '2025-02-14', '08:30:00', '17:30:00', 8.00),
(201, 'NV020', '2025-02-14', '08:30:00', '17:30:00', 8.00),
(202, 'NV001', '2025-02-17', '08:30:00', '17:30:00', 8.00),
(203, 'NV002', '2025-02-17', '08:27:00', '17:30:00', 8.00),
(204, 'NV003', '2025-02-17', '08:34:00', '17:30:00', 7.93),
(205, 'NV004', '2025-02-17', '08:32:00', '17:30:00', 7.97),
(206, 'NV005', '2025-02-17', '08:30:00', '17:30:00', 8.00),
(207, 'NV006', '2025-02-17', '08:30:00', '17:30:00', 8.00),
(208, 'NV007', '2025-02-17', '08:34:00', '17:30:00', 7.93),
(209, 'NV008', '2025-02-17', '08:30:00', '17:30:00', 8.00),
(210, 'NV009', '2025-02-17', '08:30:00', '17:30:00', 8.00),
(211, 'NV010', '2025-02-17', '08:30:00', '17:30:00', 8.00),
(212, 'NV011', '2025-02-17', '08:30:00', '17:30:00', 8.00),
(213, 'NV012', '2025-02-17', '08:30:00', '17:30:00', 8.00),
(214, 'NV013', '2025-02-17', '08:30:00', '17:30:00', 8.00),
(215, 'NV014', '2025-02-17', '08:30:00', '17:30:00', 8.00),
(216, 'NV015', '2025-02-17', '08:30:00', '17:30:00', 8.00),
(217, 'NV016', '2025-02-17', '08:30:00', '17:30:00', 8.00),
(218, 'NV017', '2025-02-17', '08:30:00', '17:30:00', 8.00),
(219, 'NV018', '2025-02-17', '08:25:00', '17:30:00', 8.00),
(220, 'NV019', '2025-02-17', '08:30:00', '17:30:00', 8.00),
(221, 'NV020', '2025-02-17', '08:30:00', '17:30:00', 8.00),
(222, 'NV001', '2025-02-18', '08:30:00', '17:30:00', 8.00),
(223, 'NV002', '2025-02-18', '08:30:00', '17:30:00', 8.00),
(224, 'NV003', '2025-02-18', '08:30:00', '17:30:00', 8.00),
(225, 'NV004', '2025-02-18', '08:30:00', '17:30:00', 8.00),
(226, 'NV005', '2025-02-18', '08:30:00', '17:30:00', 8.00),
(227, 'NV006', '2025-02-18', '08:33:00', '17:30:00', 7.95),
(228, 'NV007', '2025-02-18', '08:30:00', '17:30:00', 8.00),
(229, 'NV008', '2025-02-18', '08:30:00', '17:30:00', 8.00),
(230, 'NV009', '2025-02-18', '08:30:00', '17:30:00', 8.00),
(231, 'NV010', '2025-02-18', '08:25:00', '17:30:00', 8.00),
(232, 'NV011', '2025-02-18', '08:30:00', '17:30:00', 8.00),
(233, 'NV012', '2025-02-18', '08:30:00', '17:30:00', 8.00),
(234, 'NV013', '2025-02-18', '08:30:00', '17:30:00', 8.00),
(235, 'NV014', '2025-02-18', '08:30:00', '17:30:00', 8.00),
(236, 'NV015', '2025-02-18', '08:34:00', '17:30:00', 7.93),
(237, 'NV016', '2025-02-18', '08:30:00', '17:30:00', 8.00),
(238, 'NV017', '2025-02-18', '08:30:00', '17:30:00', 8.00),
(239, 'NV018', '2025-02-18', '08:30:00', '17:30:00', 8.00),
(240, 'NV019', '2025-02-18', '08:35:00', '17:30:00', 7.92),
(241, 'NV020', '2025-02-18', '08:30:00', '17:30:00', 8.00),
(242, 'NV001', '2025-02-19', '08:25:00', '17:30:00', 8.00),
(243, 'NV002', '2025-02-19', '08:30:00', '17:30:00', 8.00),
(244, 'NV003', '2025-02-19', '08:27:00', '17:30:00', 8.00),
(245, 'NV004', '2025-02-19', '08:30:00', '17:30:00', 8.00),
(246, 'NV005', '2025-02-19', '08:30:00', '17:30:00', 8.00),
(247, 'NV006', '2025-02-19', '08:30:00', '17:30:00', 8.00),
(248, 'NV007', '2025-02-19', '08:30:00', '17:30:00', 8.00),
(249, 'NV008', '2025-02-19', '08:27:00', '17:30:00', 8.00),
(250, 'NV009', '2025-02-19', '08:25:00', '17:30:00', 8.00),
(251, 'NV010', '2025-02-19', '08:30:00', '17:30:00', 8.00),
(252, 'NV011', '2025-02-19', '08:30:00', '17:30:00', 8.00),
(253, 'NV012', '2025-02-19', '08:30:00', '17:30:00', 8.00),
(254, 'NV013', '2025-02-19', '08:30:00', '17:30:00', 8.00),
(255, 'NV014', '2025-02-19', '08:30:00', '17:30:00', 8.00),
(256, 'NV015', '2025-02-19', '08:30:00', '17:30:00', 8.00),
(257, 'NV016', '2025-02-19', '08:30:00', '17:30:00', 8.00),
(258, 'NV017', '2025-02-19', '08:30:00', '17:30:00', 8.00),
(259, 'NV018', '2025-02-19', '08:30:00', '17:30:00', 8.00),
(260, 'NV019', '2025-02-19', '08:30:00', '17:30:00', 8.00),
(261, 'NV020', '2025-02-19', '08:30:00', '17:30:00', 8.00),
(262, 'NV001', '2025-02-20', '08:30:00', '17:30:00', 8.00),
(263, 'NV002', '2025-02-20', '08:30:00', '17:30:00', 8.00),
(264, 'NV003', '2025-02-20', '08:30:00', '17:30:00', 8.00),
(265, 'NV004', '2025-02-20', '08:30:00', '17:30:00', 8.00),
(266, 'NV005', '2025-02-20', '08:28:00', '17:30:00', 8.00),
(267, 'NV006', '2025-02-20', '08:30:00', '17:30:00', 8.00),
(268, 'NV007', '2025-02-20', '08:30:00', '17:30:00', 8.00),
(269, 'NV008', '2025-02-20', '08:30:00', '17:30:00', 8.00),
(270, 'NV009', '2025-02-20', '08:30:00', '17:30:00', 8.00),
(271, 'NV010', '2025-02-20', '08:30:00', '17:30:00', 8.00),
(272, 'NV011', '2025-02-20', '08:30:00', '17:30:00', 8.00),
(273, 'NV012', '2025-02-20', '08:34:00', '17:30:00', 7.93),
(274, 'NV013', '2025-02-20', '08:30:00', '17:30:00', 8.00),
(275, 'NV014', '2025-02-20', '08:30:00', '17:30:00', 8.00),
(276, 'NV015', '2025-02-20', '08:30:00', '17:30:00', 8.00),
(277, 'NV016', '2025-02-20', '08:30:00', '17:30:00', 8.00),
(278, 'NV017', '2025-02-20', '08:30:00', '17:30:00', 8.00),
(279, 'NV018', '2025-02-20', '08:34:00', '17:30:00', 7.93),
(280, 'NV019', '2025-02-20', '08:30:00', '17:30:00', 8.00),
(281, 'NV020', '2025-02-20', '08:30:00', '17:30:00', 8.00),
(282, 'NV001', '2025-02-21', '08:30:00', '17:30:00', 8.00),
(283, 'NV002', '2025-02-21', '08:30:00', '17:30:00', 8.00),
(284, 'NV003', '2025-02-21', '08:30:00', '17:30:00', 8.00),
(285, 'NV004', '2025-02-21', '08:30:00', '17:30:00', 8.00),
(286, 'NV005', '2025-02-21', '08:26:00', '17:30:00', 8.00),
(287, 'NV006', '2025-02-21', '08:28:00', '17:30:00', 8.00),
(288, 'NV007', '2025-02-21', '08:30:00', '17:30:00', 8.00),
(289, 'NV008', '2025-02-21', '08:30:00', '17:30:00', 8.00),
(290, 'NV009', '2025-02-21', '08:30:00', '17:30:00', 8.00),
(291, 'NV010', '2025-02-21', '08:30:00', '17:30:00', 8.00),
(292, 'NV011', '2025-02-21', '08:28:00', '17:30:00', 8.00),
(293, 'NV012', '2025-02-21', '08:30:00', '17:30:00', 8.00),
(294, 'NV013', '2025-02-21', '08:30:00', '17:30:00', 8.00),
(295, 'NV014', '2025-02-21', '08:35:00', '17:30:00', 7.92),
(296, 'NV015', '2025-02-21', '08:30:00', '17:30:00', 8.00),
(297, 'NV016', '2025-02-21', '08:30:00', '17:30:00', 8.00),
(298, 'NV017', '2025-02-21', '08:28:00', '17:30:00', 8.00),
(299, 'NV018', '2025-02-21', '08:30:00', '17:30:00', 8.00),
(300, 'NV019', '2025-02-21', '08:30:00', '17:30:00', 8.00),
(301, 'NV020', '2025-02-21', '08:30:00', '17:30:00', 8.00),
(302, 'NV001', '2025-02-24', '08:30:00', '17:30:00', 8.00),
(303, 'NV002', '2025-02-24', '08:30:00', '17:30:00', 8.00),
(304, 'NV003', '2025-02-24', '08:30:00', '17:30:00', 8.00),
(305, 'NV004', '2025-02-24', '08:30:00', '17:30:00', 8.00),
(306, 'NV005', '2025-02-24', '08:34:00', '17:30:00', 7.93),
(307, 'NV006', '2025-02-24', '08:32:00', '17:30:00', 7.97),
(308, 'NV007', '2025-02-24', '08:30:00', '17:30:00', 8.00),
(309, 'NV008', '2025-02-24', '08:30:00', '17:30:00', 8.00),
(310, 'NV009', '2025-02-24', '08:27:00', '17:30:00', 8.00),
(311, 'NV010', '2025-02-24', '08:35:00', '17:30:00', 7.92),
(312, 'NV011', '2025-02-24', '08:30:00', '17:30:00', 8.00),
(313, 'NV012', '2025-02-24', '08:30:00', '17:30:00', 8.00),
(314, 'NV013', '2025-02-24', '08:30:00', '17:30:00', 8.00),
(315, 'NV014', '2025-02-24', '08:30:00', '17:30:00', 8.00),
(316, 'NV015', '2025-02-24', '08:34:00', '17:30:00', 7.93),
(317, 'NV016', '2025-02-24', '08:30:00', '17:30:00', 8.00),
(318, 'NV017', '2025-02-24', '08:30:00', '17:30:00', 8.00),
(319, 'NV018', '2025-02-24', '08:25:00', '17:30:00', 8.00),
(320, 'NV019', '2025-02-24', '08:30:00', '17:30:00', 8.00),
(321, 'NV020', '2025-02-24', '08:30:00', '17:30:00', 8.00),
(322, 'NV001', '2025-02-25', '08:30:00', '17:30:00', 8.00),
(323, 'NV002', '2025-02-25', '08:27:00', '17:30:00', 8.00),
(324, 'NV003', '2025-02-25', '08:30:00', '17:30:00', 8.00),
(325, 'NV004', '2025-02-25', '08:34:00', '17:30:00', 7.93),
(326, 'NV005', '2025-02-25', '08:30:00', '17:30:00', 8.00),
(327, 'NV006', '2025-02-25', '08:30:00', '17:30:00', 8.00),
(328, 'NV007', '2025-02-25', '08:33:00', '17:30:00', 7.95),
(329, 'NV008', '2025-02-25', '08:30:00', '17:30:00', 8.00),
(330, 'NV009', '2025-02-25', '08:30:00', '17:30:00', 8.00),
(331, 'NV010', '2025-02-25', '08:28:00', '17:30:00', 8.00),
(332, 'NV011', '2025-02-25', '08:34:00', '17:30:00', 7.93),
(333, 'NV012', '2025-02-25', '08:30:00', '17:30:00', 8.00),
(334, 'NV013', '2025-02-25', '08:30:00', '17:30:00', 8.00),
(335, 'NV014', '2025-02-25', '08:30:00', '17:30:00', 8.00),
(336, 'NV015', '2025-02-25', '08:30:00', '17:30:00', 8.00),
(337, 'NV016', '2025-02-25', '08:30:00', '17:30:00', 8.00),
(338, 'NV017', '2025-02-25', '08:30:00', '17:30:00', 8.00),
(339, 'NV018', '2025-02-25', '08:30:00', '17:30:00', 8.00),
(340, 'NV019', '2025-02-25', '08:30:00', '17:30:00', 8.00),
(341, 'NV020', '2025-02-25', '08:30:00', '17:30:00', 8.00),
(342, 'NV001', '2025-02-26', '08:30:00', '17:30:00', 8.00),
(343, 'NV002', '2025-02-26', '08:30:00', '17:30:00', 8.00),
(344, 'NV003', '2025-02-26', '08:30:00', '17:30:00', 8.00),
(345, 'NV004', '2025-02-26', '08:30:00', '17:30:00', 8.00),
(346, 'NV005', '2025-02-26', '08:30:00', '17:30:00', 8.00),
(347, 'NV006', '2025-02-26', '08:30:00', '17:30:00', 8.00),
(348, 'NV007', '2025-02-26', '08:34:00', '17:30:00', 7.93),
(349, 'NV008', '2025-02-26', '08:30:00', '17:30:00', 8.00),
(350, 'NV009', '2025-02-26', '08:34:00', '17:30:00', 7.93),
(351, 'NV010', '2025-02-26', '08:30:00', '17:30:00', 8.00),
(352, 'NV011', '2025-02-26', '08:30:00', '17:30:00', 8.00),
(353, 'NV012', '2025-02-26', '08:30:00', '17:30:00', 8.00),
(354, 'NV013', '2025-02-26', '08:30:00', '17:30:00', 8.00),
(355, 'NV014', '2025-02-26', '08:30:00', '17:30:00', 8.00),
(356, 'NV015', '2025-02-26', '08:30:00', '17:30:00', 8.00),
(357, 'NV016', '2025-02-26', '08:30:00', '17:30:00', 8.00),
(358, 'NV017', '2025-02-26', '08:26:00', '17:30:00', 8.00),
(359, 'NV018', '2025-02-26', '08:30:00', '17:30:00', 8.00),
(360, 'NV019', '2025-02-26', '08:30:00', '17:30:00', 8.00),
(361, 'NV020', '2025-02-26', '08:30:00', '17:30:00', 8.00),
(362, 'NV001', '2025-02-27', '08:32:00', '17:30:00', 7.97),
(363, 'NV002', '2025-02-27', '08:30:00', '17:30:00', 8.00),
(364, 'NV003', '2025-02-27', '08:30:00', '17:30:00', 8.00),
(365, 'NV004', '2025-02-27', '08:30:00', '17:30:00', 8.00),
(366, 'NV005', '2025-02-27', '08:30:00', '17:30:00', 8.00),
(367, 'NV006', '2025-02-27', '08:30:00', '17:30:00', 8.00),
(368, 'NV007', '2025-02-27', '08:30:00', '17:30:00', 8.00),
(369, 'NV008', '2025-02-27', '08:30:00', '17:30:00', 8.00),
(370, 'NV009', '2025-02-27', '08:30:00', '17:30:00', 8.00),
(371, 'NV010', '2025-02-27', '08:30:00', '17:30:00', 8.00),
(372, 'NV011', '2025-02-27', '08:32:00', '17:30:00', 7.97),
(373, 'NV012', '2025-02-27', '08:30:00', '17:30:00', 8.00),
(374, 'NV013', '2025-02-27', '08:30:00', '17:30:00', 8.00),
(375, 'NV014', '2025-02-27', '08:30:00', '17:30:00', 8.00),
(376, 'NV015', '2025-02-27', '08:30:00', '17:30:00', 8.00),
(377, 'NV016', '2025-02-27', '08:30:00', '17:30:00', 8.00),
(378, 'NV017', '2025-02-27', '08:30:00', '17:30:00', 8.00),
(379, 'NV018', '2025-02-27', '08:28:00', '17:30:00', 8.00),
(380, 'NV019', '2025-02-27', '08:30:00', '17:30:00', 8.00),
(381, 'NV020', '2025-02-27', '08:26:00', '17:30:00', 8.00),
(382, 'NV001', '2025-02-28', '08:32:00', '17:30:00', 7.97),
(383, 'NV002', '2025-02-28', '08:30:00', '17:30:00', 8.00),
(384, 'NV003', '2025-02-28', '08:30:00', '17:30:00', 8.00),
(385, 'NV004', '2025-02-28', '08:30:00', '17:30:00', 8.00),
(386, 'NV005', '2025-02-28', '08:30:00', '17:30:00', 8.00),
(387, 'NV006', '2025-02-28', '08:26:00', '17:30:00', 8.00),
(388, 'NV007', '2025-02-28', '08:30:00', '17:30:00', 8.00),
(389, 'NV008', '2025-02-28', '08:34:00', '17:30:00', 7.93),
(390, 'NV009', '2025-02-28', '08:34:00', '17:30:00', 7.93),
(391, 'NV010', '2025-02-28', '08:30:00', '17:30:00', 8.00),
(392, 'NV011', '2025-02-28', '08:25:00', '17:30:00', 8.00),
(393, 'NV012', '2025-02-28', '08:30:00', '17:30:00', 8.00),
(394, 'NV013', '2025-02-28', '08:30:00', '17:30:00', 8.00),
(395, 'NV014', '2025-02-28', '08:30:00', '17:30:00', 8.00),
(396, 'NV015', '2025-02-28', '08:30:00', '17:30:00', 8.00),
(397, 'NV016', '2025-02-28', '08:30:00', '17:30:00', 8.00),
(398, 'NV017', '2025-02-28', '08:30:00', '17:30:00', 8.00),
(399, 'NV018', '2025-02-28', '08:30:00', '17:30:00', 8.00),
(400, 'NV019', '2025-02-28', '08:30:00', '17:30:00', 8.00),
(401, 'NV020', '2025-02-28', '08:33:00', '17:30:00', 7.95),
(402, 'NV001', '2025-03-03', '08:30:00', '17:30:00', 8.00),
(403, 'NV002', '2025-03-03', '08:30:00', '17:30:00', 8.00),
(404, 'NV003', '2025-03-03', '08:35:00', '17:30:00', 7.92),
(405, 'NV004', '2025-03-03', '08:30:00', '17:30:00', 8.00),
(406, 'NV005', '2025-03-03', '08:30:00', '17:30:00', 8.00),
(407, 'NV006', '2025-03-03', '08:30:00', '17:30:00', 8.00),
(408, 'NV007', '2025-03-03', '08:30:00', '17:30:00', 8.00),
(409, 'NV008', '2025-03-03', '08:30:00', '17:30:00', 8.00),
(410, 'NV009', '2025-03-03', '08:28:00', '17:30:00', 8.00),
(411, 'NV010', '2025-03-03', '08:30:00', '17:30:00', 8.00),
(412, 'NV011', '2025-03-03', '08:30:00', '17:30:00', 8.00),
(413, 'NV012', '2025-03-03', '08:30:00', '17:30:00', 8.00),
(414, 'NV013', '2025-03-03', '08:30:00', '17:30:00', 8.00),
(415, 'NV014', '2025-03-03', '08:30:00', '17:30:00', 8.00),
(416, 'NV015', '2025-03-03', '08:30:00', '17:30:00', 8.00),
(417, 'NV016', '2025-03-03', '08:30:00', '17:30:00', 8.00),
(418, 'NV017', '2025-03-03', '08:30:00', '17:30:00', 8.00),
(419, 'NV018', '2025-03-03', '08:30:00', '17:30:00', 8.00),
(420, 'NV019', '2025-03-03', '08:30:00', '17:30:00', 8.00),
(421, 'NV020', '2025-03-03', '08:30:00', '17:30:00', 8.00),
(422, 'NV001', '2025-03-04', '08:30:00', '17:30:00', 8.00),
(423, 'NV002', '2025-03-04', '08:30:00', '17:30:00', 8.00),
(424, 'NV003', '2025-03-04', '08:25:00', '17:30:00', 8.00),
(425, 'NV004', '2025-03-04', '08:30:00', '17:30:00', 8.00),
(426, 'NV005', '2025-03-04', '08:34:00', '17:30:00', 7.93),
(427, 'NV006', '2025-03-04', '08:30:00', '17:30:00', 8.00),
(428, 'NV007', '2025-03-04', '08:30:00', '17:30:00', 8.00),
(429, 'NV008', '2025-03-04', '08:30:00', '17:30:00', 8.00),
(430, 'NV009', '2025-03-04', '08:30:00', '17:30:00', 8.00),
(431, 'NV010', '2025-03-04', '08:32:00', '17:30:00', 7.97),
(432, 'NV011', '2025-03-04', '08:30:00', '17:30:00', 8.00),
(433, 'NV012', '2025-03-04', '08:34:00', '17:30:00', 7.93),
(434, 'NV013', '2025-03-04', '08:28:00', '17:30:00', 8.00),
(435, 'NV014', '2025-03-04', '08:28:00', '17:30:00', 8.00),
(436, 'NV015', '2025-03-04', '08:30:00', '17:30:00', 8.00),
(437, 'NV016', '2025-03-04', '08:27:00', '17:30:00', 8.00),
(438, 'NV017', '2025-03-04', '08:30:00', '17:30:00', 8.00),
(439, 'NV018', '2025-03-04', '08:33:00', '17:30:00', 7.95),
(440, 'NV019', '2025-03-04', '08:30:00', '17:30:00', 8.00),
(441, 'NV020', '2025-03-04', '08:30:00', '17:30:00', 8.00),
(442, 'NV001', '2025-03-05', '08:30:00', '17:30:00', 8.00),
(443, 'NV002', '2025-03-05', '08:30:00', '17:30:00', 8.00),
(444, 'NV003', '2025-03-05', '08:30:00', '17:30:00', 8.00),
(445, 'NV004', '2025-03-05', '08:34:00', '17:30:00', 7.93),
(446, 'NV005', '2025-03-05', '08:30:00', '17:30:00', 8.00),
(447, 'NV006', '2025-03-05', '08:30:00', '17:30:00', 8.00),
(448, 'NV007', '2025-03-05', '08:30:00', '17:30:00', 8.00),
(449, 'NV008', '2025-03-05', '08:30:00', '17:30:00', 8.00),
(450, 'NV009', '2025-03-05', '08:30:00', '17:30:00', 8.00),
(451, 'NV010', '2025-03-05', '08:32:00', '17:30:00', 7.97),
(452, 'NV011', '2025-03-05', '08:30:00', '17:30:00', 8.00),
(453, 'NV012', '2025-03-05', '08:30:00', '17:30:00', 8.00),
(454, 'NV013', '2025-03-05', '08:35:00', '17:30:00', 7.92),
(455, 'NV014', '2025-03-05', '08:32:00', '17:30:00', 7.97),
(456, 'NV015', '2025-03-05', '08:30:00', '17:30:00', 8.00),
(457, 'NV016', '2025-03-05', '08:30:00', '17:30:00', 8.00),
(458, 'NV017', '2025-03-05', '08:30:00', '17:30:00', 8.00),
(459, 'NV018', '2025-03-05', '08:30:00', '17:30:00', 8.00),
(460, 'NV019', '2025-03-05', '08:30:00', '17:30:00', 8.00),
(461, 'NV020', '2025-03-05', '08:30:00', '17:30:00', 8.00),
(462, 'NV001', '2025-03-06', '08:30:00', '17:30:00', 8.00),
(463, 'NV002', '2025-03-06', '08:30:00', '17:30:00', 8.00),
(464, 'NV003', '2025-03-06', '08:30:00', '17:30:00', 8.00),
(465, 'NV004', '2025-03-06', '08:30:00', '17:30:00', 8.00),
(466, 'NV005', '2025-03-06', '08:30:00', '17:30:00', 8.00),
(467, 'NV006', '2025-03-06', '08:30:00', '17:30:00', 8.00),
(468, 'NV007', '2025-03-06', '08:30:00', '17:30:00', 8.00),
(469, 'NV008', '2025-03-06', '08:30:00', '17:30:00', 8.00),
(470, 'NV009', '2025-03-06', '08:30:00', '17:30:00', 8.00),
(471, 'NV010', '2025-03-06', '08:30:00', '17:30:00', 8.00),
(472, 'NV011', '2025-03-06', '08:30:00', '17:30:00', 8.00),
(473, 'NV012', '2025-03-06', '08:30:00', '17:30:00', 8.00),
(474, 'NV013', '2025-03-06', '08:30:00', '17:30:00', 8.00),
(475, 'NV014', '2025-03-06', '08:30:00', '17:30:00', 8.00),
(476, 'NV015', '2025-03-06', '08:30:00', '17:30:00', 8.00),
(477, 'NV016', '2025-03-06', '08:30:00', '17:30:00', 8.00),
(478, 'NV017', '2025-03-06', '08:34:00', '17:30:00', 7.93),
(479, 'NV018', '2025-03-06', '08:30:00', '17:30:00', 8.00),
(480, 'NV019', '2025-03-06', '08:26:00', '17:30:00', 8.00),
(481, 'NV020', '2025-03-06', '08:30:00', '17:30:00', 8.00),
(482, 'NV001', '2025-03-07', '08:30:00', '17:30:00', 8.00),
(483, 'NV002', '2025-03-07', '08:30:00', '17:30:00', 8.00),
(484, 'NV003', '2025-03-07', '08:30:00', '17:30:00', 8.00),
(485, 'NV004', '2025-03-07', '08:30:00', '17:30:00', 8.00),
(486, 'NV005', '2025-03-07', '08:30:00', '17:30:00', 8.00),
(487, 'NV006', '2025-03-07', '08:25:00', '17:30:00', 8.00),
(488, 'NV007', '2025-03-07', '08:30:00', '17:30:00', 8.00),
(489, 'NV008', '2025-03-07', '08:30:00', '17:30:00', 8.00),
(490, 'NV009', '2025-03-07', '08:30:00', '17:30:00', 8.00),
(491, 'NV010', '2025-03-07', '08:33:00', '17:30:00', 7.95),
(492, 'NV011', '2025-03-07', '08:30:00', '17:30:00', 8.00),
(493, 'NV012', '2025-03-07', '08:25:00', '17:30:00', 8.00),
(494, 'NV013', '2025-03-07', '08:30:00', '17:30:00', 8.00),
(495, 'NV014', '2025-03-07', '08:30:00', '17:30:00', 8.00),
(496, 'NV015', '2025-03-07', '08:30:00', '17:30:00', 8.00),
(497, 'NV016', '2025-03-07', '08:30:00', '17:30:00', 8.00),
(498, 'NV017', '2025-03-07', '08:30:00', '17:30:00', 8.00),
(499, 'NV018', '2025-03-07', '08:30:00', '17:30:00', 8.00),
(500, 'NV019', '2025-03-07', '08:30:00', '17:30:00', 8.00),
(501, 'NV020', '2025-03-07', '08:30:00', '17:30:00', 8.00),
(502, 'NV001', '2025-03-10', '08:30:00', '17:30:00', 8.00),
(503, 'NV002', '2025-03-10', '08:26:00', '17:30:00', 8.00),
(504, 'NV003', '2025-03-10', '08:30:00', '17:30:00', 8.00),
(505, 'NV004', '2025-03-10', '08:30:00', '17:30:00', 8.00),
(506, 'NV005', '2025-03-10', '08:30:00', '17:30:00', 8.00),
(507, 'NV006', '2025-03-10', '08:30:00', '17:30:00', 8.00),
(508, 'NV007', '2025-03-10', '08:28:00', '17:30:00', 8.00),
(509, 'NV008', '2025-03-10', '08:34:00', '17:30:00', 7.93),
(510, 'NV009', '2025-03-10', '08:30:00', '17:30:00', 8.00),
(511, 'NV010', '2025-03-10', '08:30:00', '17:30:00', 8.00),
(512, 'NV011', '2025-03-10', '08:30:00', '17:30:00', 8.00),
(513, 'NV012', '2025-03-10', '08:26:00', '17:30:00', 8.00),
(514, 'NV013', '2025-03-10', '08:30:00', '17:30:00', 8.00),
(515, 'NV014', '2025-03-10', '08:27:00', '17:30:00', 8.00),
(516, 'NV015', '2025-03-10', '08:25:00', '17:30:00', 8.00),
(517, 'NV016', '2025-03-10', '08:30:00', '17:30:00', 8.00),
(518, 'NV017', '2025-03-10', '08:30:00', '17:30:00', 8.00),
(519, 'NV018', '2025-03-10', '08:30:00', '17:30:00', 8.00),
(520, 'NV019', '2025-03-10', '08:30:00', '17:30:00', 8.00),
(521, 'NV020', '2025-03-10', '08:30:00', '17:30:00', 8.00),
(522, 'NV001', '2025-03-11', '08:32:00', '17:30:00', 7.97),
(523, 'NV002', '2025-03-11', '08:30:00', '17:30:00', 8.00),
(524, 'NV003', '2025-03-11', '08:28:00', '17:30:00', 8.00),
(525, 'NV004', '2025-03-11', '08:32:00', '17:30:00', 7.97),
(526, 'NV005', '2025-03-11', '08:32:00', '17:30:00', 7.97),
(527, 'NV006', '2025-03-11', '08:30:00', '17:30:00', 8.00),
(528, 'NV007', '2025-03-11', '08:27:00', '17:30:00', 8.00),
(529, 'NV008', '2025-03-11', '08:30:00', '17:30:00', 8.00),
(530, 'NV009', '2025-03-11', '08:30:00', '17:30:00', 8.00),
(531, 'NV010', '2025-03-11', '08:30:00', '17:30:00', 8.00),
(532, 'NV011', '2025-03-11', '08:34:00', '17:30:00', 7.93),
(533, 'NV012', '2025-03-11', '08:30:00', '17:30:00', 8.00),
(534, 'NV013', '2025-03-11', '08:30:00', '17:30:00', 8.00),
(535, 'NV014', '2025-03-11', '08:30:00', '17:30:00', 8.00),
(536, 'NV015', '2025-03-11', '08:30:00', '17:30:00', 8.00),
(537, 'NV016', '2025-03-11', '08:33:00', '17:30:00', 7.95),
(538, 'NV017', '2025-03-11', '08:30:00', '17:30:00', 8.00),
(539, 'NV018', '2025-03-11', '08:30:00', '17:30:00', 8.00),
(540, 'NV019', '2025-03-11', '08:30:00', '17:30:00', 8.00),
(541, 'NV020', '2025-03-11', '08:30:00', '17:30:00', 8.00),
(542, 'NV001', '2025-03-12', '08:28:00', '17:30:00', 8.00),
(543, 'NV002', '2025-03-12', '08:30:00', '17:30:00', 8.00),
(544, 'NV003', '2025-03-12', '08:30:00', '17:30:00', 8.00),
(545, 'NV004', '2025-03-12', '08:30:00', '17:30:00', 8.00),
(546, 'NV005', '2025-03-12', '08:26:00', '17:30:00', 8.00),
(547, 'NV006', '2025-03-12', '08:30:00', '17:30:00', 8.00),
(548, 'NV007', '2025-03-12', '08:32:00', '17:30:00', 7.97),
(549, 'NV008', '2025-03-12', '08:30:00', '17:30:00', 8.00),
(550, 'NV009', '2025-03-12', '08:30:00', '17:30:00', 8.00),
(551, 'NV010', '2025-03-12', '08:30:00', '17:30:00', 8.00),
(552, 'NV011', '2025-03-12', '08:26:00', '17:30:00', 8.00),
(553, 'NV012', '2025-03-12', '08:26:00', '17:30:00', 8.00),
(554, 'NV013', '2025-03-12', '08:30:00', '17:30:00', 8.00),
(555, 'NV014', '2025-03-12', '08:30:00', '17:30:00', 8.00),
(556, 'NV015', '2025-03-12', '08:30:00', '17:30:00', 8.00),
(557, 'NV016', '2025-03-12', '08:27:00', '17:30:00', 8.00),
(558, 'NV017', '2025-03-12', '08:30:00', '17:30:00', 8.00),
(559, 'NV018', '2025-03-12', '08:30:00', '17:30:00', 8.00),
(560, 'NV019', '2025-03-12', '08:35:00', '17:30:00', 7.92),
(561, 'NV020', '2025-03-12', '08:30:00', '17:30:00', 8.00),
(562, 'NV001', '2025-03-13', '08:30:00', '17:30:00', 8.00),
(563, 'NV002', '2025-03-13', '08:30:00', '17:30:00', 8.00),
(564, 'NV003', '2025-03-13', '08:30:00', '17:30:00', 8.00),
(565, 'NV004', '2025-03-13', '08:34:00', '17:30:00', 7.93),
(566, 'NV005', '2025-03-13', '08:30:00', '17:30:00', 8.00),
(567, 'NV006', '2025-03-13', '08:30:00', '17:30:00', 8.00),
(568, 'NV007', '2025-03-13', '08:32:00', '17:30:00', 7.97),
(569, 'NV008', '2025-03-13', '08:30:00', '17:30:00', 8.00),
(570, 'NV009', '2025-03-13', '08:30:00', '17:30:00', 8.00),
(571, 'NV010', '2025-03-13', '08:30:00', '17:30:00', 8.00),
(572, 'NV011', '2025-03-13', '08:30:00', '17:30:00', 8.00),
(573, 'NV012', '2025-03-13', '08:27:00', '17:30:00', 8.00),
(574, 'NV013', '2025-03-13', '08:30:00', '17:30:00', 8.00),
(575, 'NV014', '2025-03-13', '08:30:00', '17:30:00', 8.00),
(576, 'NV015', '2025-03-13', '08:30:00', '17:30:00', 8.00),
(577, 'NV016', '2025-03-13', '08:30:00', '17:30:00', 8.00),
(578, 'NV017', '2025-03-13', '08:34:00', '17:30:00', 7.93),
(579, 'NV018', '2025-03-13', '08:30:00', '17:30:00', 8.00),
(580, 'NV019', '2025-03-13', '08:34:00', '17:30:00', 7.93),
(581, 'NV020', '2025-03-13', '08:30:00', '17:30:00', 8.00),
(582, 'NV001', '2025-03-14', '08:30:00', '17:30:00', 8.00),
(583, 'NV002', '2025-03-14', '08:30:00', '17:30:00', 8.00),
(584, 'NV003', '2025-03-14', '08:30:00', '17:30:00', 8.00),
(585, 'NV004', '2025-03-14', '08:30:00', '17:30:00', 8.00),
(586, 'NV005', '2025-03-14', '08:30:00', '17:30:00', 8.00),
(587, 'NV006', '2025-03-14', '08:30:00', '17:30:00', 8.00),
(588, 'NV007', '2025-03-14', '08:30:00', '17:30:00', 8.00),
(589, 'NV008', '2025-03-14', '08:30:00', '17:30:00', 8.00),
(590, 'NV009', '2025-03-14', '08:30:00', '17:30:00', 8.00),
(591, 'NV010', '2025-03-14', '08:30:00', '17:30:00', 8.00),
(592, 'NV011', '2025-03-14', '08:30:00', '17:30:00', 8.00),
(593, 'NV012', '2025-03-14', '08:30:00', '17:30:00', 8.00),
(594, 'NV013', '2025-03-14', '08:30:00', '17:30:00', 8.00),
(595, 'NV014', '2025-03-14', '08:30:00', '17:30:00', 8.00),
(596, 'NV015', '2025-03-14', '08:30:00', '17:30:00', 8.00),
(597, 'NV016', '2025-03-14', '08:27:00', '17:30:00', 8.00),
(598, 'NV017', '2025-03-14', '08:30:00', '17:30:00', 8.00),
(599, 'NV018', '2025-03-14', '08:35:00', '17:30:00', 7.92),
(600, 'NV019', '2025-03-14', '08:30:00', '17:30:00', 8.00),
(601, 'NV020', '2025-03-14', '08:32:00', '17:30:00', 7.97),
(602, 'NV001', '2025-03-17', '08:27:00', '17:30:00', 8.00),
(603, 'NV002', '2025-03-17', '08:28:00', '17:30:00', 8.00),
(604, 'NV003', '2025-03-17', '08:30:00', '17:30:00', 8.00),
(605, 'NV004', '2025-03-17', '08:30:00', '17:30:00', 8.00),
(606, 'NV005', '2025-03-17', '08:30:00', '17:30:00', 8.00),
(607, 'NV006', '2025-03-17', '08:30:00', '17:30:00', 8.00),
(608, 'NV007', '2025-03-17', '08:30:00', '17:30:00', 8.00),
(609, 'NV008', '2025-03-17', '08:35:00', '17:30:00', 7.92),
(610, 'NV009', '2025-03-17', '08:30:00', '17:30:00', 8.00),
(611, 'NV010', '2025-03-17', '08:25:00', '17:30:00', 8.00),
(612, 'NV011', '2025-03-17', '08:30:00', '17:30:00', 8.00),
(613, 'NV012', '2025-03-17', '08:30:00', '17:30:00', 8.00),
(614, 'NV013', '2025-03-17', '08:27:00', '17:30:00', 8.00),
(615, 'NV014', '2025-03-17', '08:26:00', '17:30:00', 8.00),
(616, 'NV015', '2025-03-17', '08:30:00', '17:30:00', 8.00),
(617, 'NV016', '2025-03-17', '08:30:00', '17:30:00', 8.00),
(618, 'NV017', '2025-03-17', '08:30:00', '17:30:00', 8.00),
(619, 'NV018', '2025-03-17', '08:30:00', '17:30:00', 8.00),
(620, 'NV019', '2025-03-17', '08:30:00', '17:30:00', 8.00),
(621, 'NV020', '2025-03-17', '08:30:00', '17:30:00', 8.00),
(622, 'NV001', '2025-03-18', '08:30:00', '17:30:00', 8.00),
(623, 'NV002', '2025-03-18', '08:34:00', '17:30:00', 7.93),
(624, 'NV003', '2025-03-18', '08:30:00', '17:30:00', 8.00),
(625, 'NV004', '2025-03-18', '08:30:00', '17:30:00', 8.00),
(626, 'NV005', '2025-03-18', '08:30:00', '17:30:00', 8.00),
(627, 'NV006', '2025-03-18', '08:30:00', '17:30:00', 8.00),
(628, 'NV007', '2025-03-18', '08:30:00', '17:30:00', 8.00),
(629, 'NV008', '2025-03-18', '08:30:00', '17:30:00', 8.00),
(630, 'NV009', '2025-03-18', '08:30:00', '17:30:00', 8.00),
(631, 'NV010', '2025-03-18', '08:30:00', '17:30:00', 8.00),
(632, 'NV011', '2025-03-18', '08:25:00', '17:30:00', 8.00),
(633, 'NV012', '2025-03-18', '08:30:00', '17:30:00', 8.00),
(634, 'NV013', '2025-03-18', '08:30:00', '17:30:00', 8.00),
(635, 'NV014', '2025-03-18', '08:30:00', '17:30:00', 8.00),
(636, 'NV015', '2025-03-18', '08:30:00', '17:30:00', 8.00),
(637, 'NV016', '2025-03-18', '08:30:00', '17:30:00', 8.00),
(638, 'NV017', '2025-03-18', '08:27:00', '17:30:00', 8.00),
(639, 'NV018', '2025-03-18', '08:30:00', '17:30:00', 8.00),
(640, 'NV019', '2025-03-18', '08:30:00', '17:30:00', 8.00),
(641, 'NV020', '2025-03-18', '08:30:00', '17:30:00', 8.00),
(642, 'NV001', '2025-03-19', '08:30:00', '17:30:00', 8.00),
(643, 'NV002', '2025-03-19', '08:30:00', '17:30:00', 8.00),
(644, 'NV003', '2025-03-19', '08:30:00', '17:30:00', 8.00),
(645, 'NV004', '2025-03-19', '08:30:00', '17:30:00', 8.00),
(646, 'NV005', '2025-03-19', '08:34:00', '17:30:00', 7.93),
(647, 'NV006', '2025-03-19', '08:33:00', '17:30:00', 7.95),
(648, 'NV007', '2025-03-19', '08:34:00', '17:30:00', 7.93),
(649, 'NV008', '2025-03-19', '08:30:00', '17:30:00', 8.00),
(650, 'NV009', '2025-03-19', '08:30:00', '17:30:00', 8.00),
(651, 'NV010', '2025-03-19', '08:26:00', '17:30:00', 8.00),
(652, 'NV011', '2025-03-19', '08:30:00', '17:30:00', 8.00),
(653, 'NV012', '2025-03-19', '08:30:00', '17:30:00', 8.00),
(654, 'NV013', '2025-03-19', '08:30:00', '17:30:00', 8.00),
(655, 'NV014', '2025-03-19', '08:30:00', '17:30:00', 8.00),
(656, 'NV015', '2025-03-19', '08:30:00', '17:30:00', 8.00),
(657, 'NV016', '2025-03-19', '08:30:00', '17:30:00', 8.00),
(658, 'NV017', '2025-03-19', '08:28:00', '17:30:00', 8.00),
(659, 'NV018', '2025-03-19', '08:30:00', '17:30:00', 8.00),
(660, 'NV019', '2025-03-19', '08:30:00', '17:30:00', 8.00),
(661, 'NV020', '2025-03-19', '08:25:00', '17:30:00', 8.00),
(662, 'NV001', '2025-03-20', '08:32:00', '17:30:00', 7.97),
(663, 'NV002', '2025-03-20', '08:30:00', '17:30:00', 8.00),
(664, 'NV003', '2025-03-20', '08:30:00', '17:30:00', 8.00),
(665, 'NV004', '2025-03-20', '08:30:00', '17:30:00', 8.00),
(666, 'NV005', '2025-03-20', '08:30:00', '17:30:00', 8.00),
(667, 'NV006', '2025-03-20', '08:30:00', '17:30:00', 8.00),
(668, 'NV007', '2025-03-20', '08:28:00', '17:30:00', 8.00),
(669, 'NV008', '2025-03-20', '08:33:00', '17:30:00', 7.95),
(670, 'NV009', '2025-03-20', '08:30:00', '17:30:00', 8.00),
(671, 'NV010', '2025-03-20', '08:30:00', '17:30:00', 8.00),
(672, 'NV011', '2025-03-20', '08:30:00', '17:30:00', 8.00),
(673, 'NV012', '2025-03-20', '08:30:00', '17:30:00', 8.00),
(674, 'NV013', '2025-03-20', '08:30:00', '17:30:00', 8.00),
(675, 'NV014', '2025-03-20', '08:30:00', '17:30:00', 8.00),
(676, 'NV015', '2025-03-20', '08:30:00', '17:30:00', 8.00),
(677, 'NV016', '2025-03-20', '08:30:00', '17:30:00', 8.00),
(678, 'NV017', '2025-03-20', '08:30:00', '17:30:00', 8.00),
(679, 'NV018', '2025-03-20', '08:30:00', '17:30:00', 8.00),
(680, 'NV019', '2025-03-20', '08:30:00', '17:30:00', 8.00),
(681, 'NV020', '2025-03-20', '08:30:00', '17:30:00', 8.00),
(682, 'NV001', '2025-03-21', '08:30:00', '17:30:00', 8.00),
(683, 'NV002', '2025-03-21', '08:30:00', '17:30:00', 8.00),
(684, 'NV003', '2025-03-21', '08:30:00', '17:30:00', 8.00),
(685, 'NV004', '2025-03-21', '08:30:00', '17:30:00', 8.00),
(686, 'NV005', '2025-03-21', '08:30:00', '17:30:00', 8.00),
(687, 'NV006', '2025-03-21', '08:30:00', '17:30:00', 8.00),
(688, 'NV007', '2025-03-21', '08:30:00', '17:30:00', 8.00),
(689, 'NV008', '2025-03-21', '08:30:00', '17:30:00', 8.00),
(690, 'NV009', '2025-03-21', '08:30:00', '17:30:00', 8.00),
(691, 'NV010', '2025-03-21', '08:30:00', '17:30:00', 8.00),
(692, 'NV011', '2025-03-21', '08:30:00', '17:30:00', 8.00),
(693, 'NV012', '2025-03-21', '08:30:00', '17:30:00', 8.00),
(694, 'NV013', '2025-03-21', '08:27:00', '17:30:00', 8.00),
(695, 'NV014', '2025-03-21', '08:30:00', '17:30:00', 8.00),
(696, 'NV015', '2025-03-21', '08:30:00', '17:30:00', 8.00),
(697, 'NV016', '2025-03-21', '08:30:00', '17:30:00', 8.00),
(698, 'NV017', '2025-03-21', '08:30:00', '17:30:00', 8.00),
(699, 'NV018', '2025-03-21', '08:30:00', '17:30:00', 8.00),
(700, 'NV019', '2025-03-21', '08:30:00', '17:30:00', 8.00),
(701, 'NV020', '2025-03-21', '08:30:00', '17:30:00', 8.00),
(702, 'NV001', '2025-03-24', '08:30:00', '17:30:00', 8.00),
(703, 'NV002', '2025-03-24', '08:30:00', '17:30:00', 8.00),
(704, 'NV003', '2025-03-24', '08:30:00', '17:30:00', 8.00),
(705, 'NV004', '2025-03-24', '08:30:00', '17:30:00', 8.00),
(706, 'NV005', '2025-03-24', '08:30:00', '17:30:00', 8.00),
(707, 'NV006', '2025-03-24', '08:30:00', '17:30:00', 8.00),
(708, 'NV007', '2025-03-24', '08:30:00', '17:30:00', 8.00),
(709, 'NV008', '2025-03-24', '08:30:00', '17:30:00', 8.00),
(710, 'NV009', '2025-03-24', '08:30:00', '17:30:00', 8.00),
(711, 'NV010', '2025-03-24', '08:30:00', '17:30:00', 8.00),
(712, 'NV011', '2025-03-24', '08:35:00', '17:30:00', 7.92),
(713, 'NV012', '2025-03-24', '08:30:00', '17:30:00', 8.00),
(714, 'NV013', '2025-03-24', '08:26:00', '17:30:00', 8.00),
(715, 'NV014', '2025-03-24', '08:30:00', '17:30:00', 8.00),
(716, 'NV015', '2025-03-24', '08:30:00', '17:30:00', 8.00),
(717, 'NV016', '2025-03-24', '08:30:00', '17:30:00', 8.00),
(718, 'NV017', '2025-03-24', '08:30:00', '17:30:00', 8.00),
(719, 'NV018', '2025-03-24', '08:30:00', '17:30:00', 8.00),
(720, 'NV019', '2025-03-24', '08:30:00', '17:30:00', 8.00),
(721, 'NV020', '2025-03-24', '08:30:00', '17:30:00', 8.00),
(722, 'NV001', '2025-03-25', '08:30:00', '17:30:00', 8.00),
(723, 'NV002', '2025-03-25', '08:34:00', '17:30:00', 7.93),
(724, 'NV003', '2025-03-25', '08:30:00', '17:30:00', 8.00),
(725, 'NV004', '2025-03-25', '08:30:00', '17:30:00', 8.00),
(726, 'NV005', '2025-03-25', '08:30:00', '17:30:00', 8.00),
(727, 'NV006', '2025-03-25', '08:30:00', '17:30:00', 8.00),
(728, 'NV007', '2025-03-25', '08:30:00', '17:30:00', 8.00),
(729, 'NV008', '2025-03-25', '08:30:00', '17:30:00', 8.00),
(730, 'NV009', '2025-03-25', '08:30:00', '17:30:00', 8.00),
(731, 'NV010', '2025-03-25', '08:30:00', '17:30:00', 8.00),
(732, 'NV011', '2025-03-25', '08:30:00', '17:30:00', 8.00),
(733, 'NV012', '2025-03-25', '08:30:00', '17:30:00', 8.00),
(734, 'NV013', '2025-03-25', '08:30:00', '17:30:00', 8.00),
(735, 'NV014', '2025-03-25', '08:30:00', '17:30:00', 8.00),
(736, 'NV015', '2025-03-25', '08:26:00', '17:30:00', 8.00),
(737, 'NV016', '2025-03-25', '08:30:00', '17:30:00', 8.00),
(738, 'NV017', '2025-03-25', '08:30:00', '17:30:00', 8.00),
(739, 'NV018', '2025-03-25', '08:30:00', '17:30:00', 8.00),
(740, 'NV019', '2025-03-25', '08:30:00', '17:30:00', 8.00),
(741, 'NV020', '2025-03-25', '08:30:00', '17:30:00', 8.00),
(742, 'NV001', '2025-03-26', '08:30:00', '17:30:00', 8.00),
(743, 'NV002', '2025-03-26', '08:30:00', '17:30:00', 8.00),
(744, 'NV003', '2025-03-26', '08:30:00', '17:30:00', 8.00),
(745, 'NV004', '2025-03-26', '08:30:00', '17:30:00', 8.00),
(746, 'NV005', '2025-03-26', '08:30:00', '17:30:00', 8.00),
(747, 'NV006', '2025-03-26', '08:30:00', '17:30:00', 8.00),
(748, 'NV007', '2025-03-26', '08:30:00', '17:30:00', 8.00),
(749, 'NV008', '2025-03-26', '08:30:00', '17:30:00', 8.00),
(750, 'NV009', '2025-03-26', '08:30:00', '17:30:00', 8.00),
(751, 'NV010', '2025-03-26', '08:30:00', '17:30:00', 8.00),
(752, 'NV011', '2025-03-26', '08:30:00', '17:30:00', 8.00),
(753, 'NV012', '2025-03-26', '08:30:00', '17:30:00', 8.00),
(754, 'NV013', '2025-03-26', '08:32:00', '17:30:00', 7.97),
(755, 'NV014', '2025-03-26', '08:30:00', '17:30:00', 8.00),
(756, 'NV015', '2025-03-26', '08:30:00', '17:30:00', 8.00),
(757, 'NV016', '2025-03-26', '08:28:00', '17:30:00', 8.00),
(758, 'NV017', '2025-03-26', '08:30:00', '17:30:00', 8.00),
(759, 'NV018', '2025-03-26', '08:30:00', '17:30:00', 8.00),
(760, 'NV019', '2025-03-26', '08:30:00', '17:30:00', 8.00),
(761, 'NV020', '2025-03-26', '08:30:00', '17:30:00', 8.00),
(762, 'NV001', '2025-03-27', '08:27:00', '17:30:00', 8.00),
(763, 'NV002', '2025-03-27', '08:30:00', '17:30:00', 8.00),
(764, 'NV003', '2025-03-27', '08:30:00', '17:30:00', 8.00),
(765, 'NV004', '2025-03-27', '08:25:00', '17:30:00', 8.00),
(766, 'NV005', '2025-03-27', '08:30:00', '17:30:00', 8.00),
(767, 'NV006', '2025-03-27', '08:28:00', '17:30:00', 8.00),
(768, 'NV007', '2025-03-27', '08:30:00', '17:30:00', 8.00),
(769, 'NV008', '2025-03-27', '08:28:00', '17:30:00', 8.00),
(770, 'NV009', '2025-03-27', '08:30:00', '17:30:00', 8.00),
(771, 'NV010', '2025-03-27', '08:30:00', '17:30:00', 8.00),
(772, 'NV011', '2025-03-27', '08:30:00', '17:30:00', 8.00),
(773, 'NV012', '2025-03-27', '08:30:00', '17:30:00', 8.00),
(774, 'NV013', '2025-03-27', '08:30:00', '17:30:00', 8.00),
(775, 'NV014', '2025-03-27', '08:30:00', '17:30:00', 8.00),
(776, 'NV015', '2025-03-27', '08:30:00', '17:30:00', 8.00),
(777, 'NV016', '2025-03-27', '08:30:00', '17:30:00', 8.00),
(778, 'NV017', '2025-03-27', '08:30:00', '17:30:00', 8.00),
(779, 'NV018', '2025-03-27', '08:30:00', '17:30:00', 8.00),
(780, 'NV019', '2025-03-27', '08:32:00', '17:30:00', 7.97),
(781, 'NV020', '2025-03-27', '08:30:00', '17:30:00', 8.00),
(782, 'NV001', '2025-03-28', '08:30:00', '17:30:00', 8.00),
(783, 'NV002', '2025-03-28', '08:30:00', '17:30:00', 8.00),
(784, 'NV003', '2025-03-28', '08:30:00', '17:30:00', 8.00),
(785, 'NV004', '2025-03-28', '08:30:00', '17:30:00', 8.00),
(786, 'NV005', '2025-03-28', '08:30:00', '17:30:00', 8.00),
(787, 'NV006', '2025-03-28', '08:30:00', '17:30:00', 8.00),
(788, 'NV007', '2025-03-28', '08:30:00', '17:30:00', 8.00),
(789, 'NV008', '2025-03-28', '08:30:00', '17:30:00', 8.00),
(790, 'NV009', '2025-03-28', '08:26:00', '17:30:00', 8.00),
(791, 'NV010', '2025-03-28', '08:30:00', '17:30:00', 8.00),
(792, 'NV011', '2025-03-28', '08:26:00', '17:30:00', 8.00),
(793, 'NV012', '2025-03-28', '08:30:00', '17:30:00', 8.00),
(794, 'NV013', '2025-03-28', '08:30:00', '17:30:00', 8.00),
(795, 'NV014', '2025-03-28', '08:30:00', '17:30:00', 8.00),
(796, 'NV015', '2025-03-28', '08:30:00', '17:30:00', 8.00),
(797, 'NV016', '2025-03-28', '08:30:00', '17:30:00', 8.00),
(798, 'NV017', '2025-03-28', '08:26:00', '17:30:00', 8.00),
(799, 'NV018', '2025-03-28', '08:26:00', '17:30:00', 8.00),
(800, 'NV019', '2025-03-28', '08:30:00', '17:30:00', 8.00),
(801, 'NV020', '2025-03-28', '08:30:00', '17:30:00', 8.00),
(802, 'NV001', '2025-03-31', '08:26:00', '17:30:00', 8.00),
(803, 'NV002', '2025-03-31', '08:34:00', '17:30:00', 7.93),
(804, 'NV003', '2025-03-31', '08:30:00', '17:30:00', 8.00),
(805, 'NV004', '2025-03-31', '08:30:00', '17:30:00', 8.00),
(806, 'NV005', '2025-03-31', '08:30:00', '17:30:00', 8.00),
(807, 'NV006', '2025-03-31', '08:30:00', '17:30:00', 8.00),
(808, 'NV007', '2025-03-31', '08:30:00', '17:30:00', 8.00),
(809, 'NV008', '2025-03-31', '08:30:00', '17:30:00', 8.00),
(810, 'NV009', '2025-03-31', '08:28:00', '17:30:00', 8.00),
(811, 'NV010', '2025-03-31', '08:30:00', '17:30:00', 8.00),
(812, 'NV011', '2025-03-31', '08:30:00', '17:30:00', 8.00),
(813, 'NV012', '2025-03-31', '08:30:00', '17:30:00', 8.00),
(814, 'NV013', '2025-03-31', '08:30:00', '17:30:00', 8.00),
(815, 'NV014', '2025-03-31', '08:30:00', '17:30:00', 8.00),
(816, 'NV015', '2025-03-31', '08:30:00', '17:30:00', 8.00),
(817, 'NV016', '2025-03-31', '08:30:00', '17:30:00', 8.00),
(818, 'NV017', '2025-03-31', '08:30:00', '17:30:00', 8.00),
(819, 'NV018', '2025-03-31', '08:30:00', '17:30:00', 8.00),
(820, 'NV019', '2025-03-31', '08:30:00', '17:30:00', 8.00),
(821, 'NV020', '2025-03-31', '08:30:00', '17:30:00', 8.00),
(822, 'NV001', '2025-04-01', '08:30:00', '17:30:00', 8.00),
(823, 'NV002', '2025-04-01', '08:30:00', '17:30:00', 8.00),
(824, 'NV003', '2025-04-01', '08:30:00', '17:30:00', 8.00),
(825, 'NV004', '2025-04-01', '08:30:00', '17:30:00', 8.00),
(826, 'NV005', '2025-04-01', '08:30:00', '17:30:00', 8.00),
(827, 'NV006', '2025-04-01', '08:30:00', '17:30:00', 8.00),
(828, 'NV007', '2025-04-01', '08:30:00', '17:30:00', 8.00),
(829, 'NV008', '2025-04-01', '08:30:00', '17:30:00', 8.00),
(830, 'NV009', '2025-04-01', '08:30:00', '17:30:00', 8.00),
(831, 'NV010', '2025-04-01', '08:25:00', '17:30:00', 8.00),
(832, 'NV011', '2025-04-01', '08:34:00', '17:30:00', 7.93),
(833, 'NV012', '2025-04-01', '08:30:00', '17:30:00', 8.00),
(834, 'NV013', '2025-04-01', '08:26:00', '17:30:00', 8.00),
(835, 'NV014', '2025-04-01', '08:33:00', '17:30:00', 7.95),
(836, 'NV015', '2025-04-01', '08:30:00', '17:30:00', 8.00),
(837, 'NV016', '2025-04-01', '08:30:00', '17:30:00', 8.00),
(838, 'NV017', '2025-04-01', '08:30:00', '17:30:00', 8.00),
(839, 'NV018', '2025-04-01', '08:30:00', '17:30:00', 8.00),
(840, 'NV019', '2025-04-01', '08:30:00', '17:30:00', 8.00),
(841, 'NV020', '2025-04-01', '08:26:00', '17:30:00', 8.00),
(842, 'NV001', '2025-04-02', '08:30:00', '17:30:00', 8.00),
(843, 'NV002', '2025-04-02', '08:30:00', '17:30:00', 8.00),
(844, 'NV003', '2025-04-02', '08:30:00', '17:30:00', 8.00),
(845, 'NV004', '2025-04-02', '08:30:00', '17:30:00', 8.00),
(846, 'NV005', '2025-04-02', '08:30:00', '17:30:00', 8.00),
(847, 'NV006', '2025-04-02', '08:30:00', '17:30:00', 8.00),
(848, 'NV007', '2025-04-02', '08:30:00', '17:30:00', 8.00),
(849, 'NV008', '2025-04-02', '08:30:00', '17:30:00', 8.00),
(850, 'NV009', '2025-04-02', '08:30:00', '17:30:00', 8.00),
(851, 'NV010', '2025-04-02', '08:27:00', '17:30:00', 8.00),
(852, 'NV011', '2025-04-02', '08:30:00', '17:30:00', 8.00),
(853, 'NV012', '2025-04-02', '08:30:00', '17:30:00', 8.00),
(854, 'NV013', '2025-04-02', '08:33:00', '17:30:00', 7.95),
(855, 'NV014', '2025-04-02', '08:33:00', '17:30:00', 7.95),
(856, 'NV015', '2025-04-02', '08:30:00', '17:30:00', 8.00),
(857, 'NV016', '2025-04-02', '08:30:00', '17:30:00', 8.00),
(858, 'NV017', '2025-04-02', '08:30:00', '17:30:00', 8.00),
(859, 'NV018', '2025-04-02', '08:30:00', '17:30:00', 8.00),
(860, 'NV019', '2025-04-02', '08:28:00', '17:30:00', 8.00),
(861, 'NV020', '2025-04-02', '08:30:00', '17:30:00', 8.00),
(862, 'NV001', '2025-04-03', '08:30:00', '17:30:00', 8.00),
(863, 'NV002', '2025-04-03', '08:33:00', '17:30:00', 7.95);
INSERT INTO `cham_cong` (`id`, `ma_nv`, `ngay`, `check_in`, `check_out`, `so_gio_lam`) VALUES
(864, 'NV003', '2025-04-03', '08:33:00', '17:30:00', 7.95),
(865, 'NV004', '2025-04-03', '08:30:00', '17:30:00', 8.00),
(866, 'NV005', '2025-04-03', '08:30:00', '17:30:00', 8.00),
(867, 'NV006', '2025-04-03', '08:30:00', '17:30:00', 8.00),
(868, 'NV007', '2025-04-03', '08:28:00', '17:30:00', 8.00),
(869, 'NV008', '2025-04-03', '08:33:00', '17:30:00', 7.95),
(870, 'NV009', '2025-04-03', '08:30:00', '17:30:00', 8.00),
(871, 'NV010', '2025-04-03', '08:27:00', '17:30:00', 8.00),
(872, 'NV011', '2025-04-03', '08:30:00', '17:30:00', 8.00),
(873, 'NV012', '2025-04-03', '08:30:00', '17:30:00', 8.00),
(874, 'NV013', '2025-04-03', '08:30:00', '17:30:00', 8.00),
(875, 'NV014', '2025-04-03', '08:30:00', '17:30:00', 8.00),
(876, 'NV015', '2025-04-03', '08:30:00', '17:30:00', 8.00),
(877, 'NV016', '2025-04-03', '08:26:00', '17:30:00', 8.00),
(878, 'NV017', '2025-04-03', '08:30:00', '17:30:00', 8.00),
(879, 'NV018', '2025-04-03', '08:30:00', '17:30:00', 8.00),
(880, 'NV019', '2025-04-03', '08:30:00', '17:30:00', 8.00),
(881, 'NV020', '2025-04-03', '08:30:00', '17:30:00', 8.00),
(882, 'NV001', '2025-04-04', '08:30:00', '17:30:00', 8.00),
(883, 'NV002', '2025-04-04', '08:30:00', '17:30:00', 8.00),
(884, 'NV003', '2025-04-04', '08:30:00', '17:30:00', 8.00),
(885, 'NV004', '2025-04-04', '08:30:00', '17:30:00', 8.00),
(886, 'NV005', '2025-04-04', '08:33:00', '17:30:00', 7.95),
(887, 'NV006', '2025-04-04', '08:32:00', '17:30:00', 7.97),
(888, 'NV007', '2025-04-04', '08:30:00', '17:30:00', 8.00),
(889, 'NV008', '2025-04-04', '08:30:00', '17:30:00', 8.00),
(890, 'NV009', '2025-04-04', '08:25:00', '17:30:00', 8.00),
(891, 'NV010', '2025-04-04', '08:28:00', '17:30:00', 8.00),
(892, 'NV011', '2025-04-04', '08:30:00', '17:30:00', 8.00),
(893, 'NV012', '2025-04-04', '08:30:00', '17:30:00', 8.00),
(894, 'NV013', '2025-04-04', '08:28:00', '17:30:00', 8.00),
(895, 'NV014', '2025-04-04', '08:30:00', '17:30:00', 8.00),
(896, 'NV015', '2025-04-04', '08:30:00', '17:30:00', 8.00),
(897, 'NV016', '2025-04-04', '08:30:00', '17:30:00', 8.00),
(898, 'NV017', '2025-04-04', '08:30:00', '17:30:00', 8.00),
(899, 'NV018', '2025-04-04', '08:30:00', '17:30:00', 8.00),
(900, 'NV019', '2025-04-04', '08:30:00', '17:30:00', 8.00),
(901, 'NV020', '2025-04-04', '08:30:00', '17:30:00', 8.00),
(902, 'NV001', '2025-04-07', '08:28:00', '17:30:00', 8.00),
(903, 'NV002', '2025-04-07', '08:30:00', '17:30:00', 8.00),
(904, 'NV003', '2025-04-07', '08:25:00', '17:30:00', 8.00),
(905, 'NV004', '2025-04-07', '08:30:00', '17:30:00', 8.00),
(906, 'NV005', '2025-04-07', '08:25:00', '17:30:00', 8.00),
(907, 'NV006', '2025-04-07', '08:35:00', '17:30:00', 7.92),
(908, 'NV007', '2025-04-07', '08:30:00', '17:30:00', 8.00),
(909, 'NV008', '2025-04-07', '08:30:00', '17:30:00', 8.00),
(910, 'NV009', '2025-04-07', '08:30:00', '17:30:00', 8.00),
(911, 'NV010', '2025-04-07', '08:30:00', '17:30:00', 8.00),
(912, 'NV011', '2025-04-07', '08:30:00', '17:30:00', 8.00),
(913, 'NV012', '2025-04-07', '08:30:00', '17:30:00', 8.00),
(914, 'NV013', '2025-04-07', '08:30:00', '17:30:00', 8.00),
(915, 'NV014', '2025-04-07', '08:30:00', '17:30:00', 8.00),
(916, 'NV015', '2025-04-07', '08:30:00', '17:30:00', 8.00),
(917, 'NV016', '2025-04-07', '08:30:00', '17:30:00', 8.00),
(918, 'NV017', '2025-04-07', '08:35:00', '17:30:00', 7.92),
(919, 'NV018', '2025-04-07', '08:30:00', '17:30:00', 8.00),
(920, 'NV019', '2025-04-07', '08:30:00', '17:30:00', 8.00),
(921, 'NV020', '2025-04-07', '08:30:00', '17:30:00', 8.00),
(922, 'NV001', '2025-04-08', '08:30:00', '17:30:00', 8.00),
(923, 'NV002', '2025-04-08', '08:30:00', '17:30:00', 8.00),
(924, 'NV003', '2025-04-08', '08:30:00', '17:30:00', 8.00),
(925, 'NV004', '2025-04-08', '08:27:00', '17:30:00', 8.00),
(926, 'NV005', '2025-04-08', '08:30:00', '17:30:00', 8.00),
(927, 'NV006', '2025-04-08', '08:30:00', '17:30:00', 8.00),
(928, 'NV007', '2025-04-08', '08:30:00', '17:30:00', 8.00),
(929, 'NV008', '2025-04-08', '08:34:00', '17:30:00', 7.93),
(930, 'NV009', '2025-04-08', '08:30:00', '17:30:00', 8.00),
(931, 'NV010', '2025-04-08', '08:30:00', '17:30:00', 8.00),
(932, 'NV011', '2025-04-08', '08:30:00', '17:30:00', 8.00),
(933, 'NV012', '2025-04-08', '08:26:00', '17:30:00', 8.00),
(934, 'NV013', '2025-04-08', '08:30:00', '17:30:00', 8.00),
(935, 'NV014', '2025-04-08', '08:30:00', '17:30:00', 8.00),
(936, 'NV015', '2025-04-08', '08:30:00', '17:30:00', 8.00),
(937, 'NV016', '2025-04-08', '08:30:00', '17:30:00', 8.00),
(938, 'NV017', '2025-04-08', '08:30:00', '17:30:00', 8.00),
(939, 'NV018', '2025-04-08', '08:30:00', '17:30:00', 8.00),
(940, 'NV019', '2025-04-08', '08:30:00', '17:30:00', 8.00),
(941, 'NV020', '2025-04-08', '08:35:00', '17:30:00', 7.92),
(942, 'NV001', '2025-04-09', '08:30:00', '17:30:00', 8.00),
(943, 'NV002', '2025-04-09', '08:30:00', '17:30:00', 8.00),
(944, 'NV003', '2025-04-09', '08:30:00', '17:30:00', 8.00),
(945, 'NV004', '2025-04-09', '08:30:00', '17:30:00', 8.00),
(946, 'NV005', '2025-04-09', '08:30:00', '17:30:00', 8.00),
(947, 'NV006', '2025-04-09', '08:30:00', '17:30:00', 8.00),
(948, 'NV007', '2025-04-09', '08:30:00', '17:30:00', 8.00),
(949, 'NV008', '2025-04-09', '08:30:00', '17:30:00', 8.00),
(950, 'NV009', '2025-04-09', '08:32:00', '17:30:00', 7.97),
(951, 'NV010', '2025-04-09', '08:33:00', '17:30:00', 7.95),
(952, 'NV011', '2025-04-09', '08:30:00', '17:30:00', 8.00),
(953, 'NV012', '2025-04-09', '08:30:00', '17:30:00', 8.00),
(954, 'NV013', '2025-04-09', '08:30:00', '17:30:00', 8.00),
(955, 'NV014', '2025-04-09', '08:30:00', '17:30:00', 8.00),
(956, 'NV015', '2025-04-09', '08:30:00', '17:30:00', 8.00),
(957, 'NV016', '2025-04-09', '08:28:00', '17:30:00', 8.00),
(958, 'NV017', '2025-04-09', '08:30:00', '17:30:00', 8.00),
(959, 'NV018', '2025-04-09', '08:30:00', '17:30:00', 8.00),
(960, 'NV019', '2025-04-09', '08:30:00', '17:30:00', 8.00),
(961, 'NV020', '2025-04-09', '08:35:00', '17:30:00', 7.92),
(962, 'NV001', '2025-04-10', '08:30:00', '17:30:00', 8.00),
(963, 'NV002', '2025-04-10', '08:30:00', '17:30:00', 8.00),
(964, 'NV003', '2025-04-10', '08:30:00', '17:30:00', 8.00),
(965, 'NV004', '2025-04-10', '08:30:00', '17:30:00', 8.00),
(966, 'NV005', '2025-04-10', '08:30:00', '17:30:00', 8.00),
(967, 'NV006', '2025-04-10', '08:30:00', '17:30:00', 8.00),
(968, 'NV007', '2025-04-10', '08:30:00', '17:30:00', 8.00),
(969, 'NV008', '2025-04-10', '08:30:00', '17:30:00', 8.00),
(970, 'NV009', '2025-04-10', '08:30:00', '17:30:00', 8.00),
(971, 'NV010', '2025-04-10', '08:30:00', '17:30:00', 8.00),
(972, 'NV011', '2025-04-10', '08:30:00', '17:30:00', 8.00),
(973, 'NV012', '2025-04-10', '08:30:00', '17:30:00', 8.00),
(974, 'NV013', '2025-04-10', '08:30:00', '17:30:00', 8.00),
(975, 'NV014', '2025-04-10', '08:27:00', '17:30:00', 8.00),
(976, 'NV015', '2025-04-10', '08:30:00', '17:30:00', 8.00),
(977, 'NV016', '2025-04-10', '08:30:00', '17:30:00', 8.00),
(978, 'NV017', '2025-04-10', '08:30:00', '17:30:00', 8.00),
(979, 'NV018', '2025-04-10', '08:30:00', '17:30:00', 8.00),
(980, 'NV019', '2025-04-10', '08:30:00', '17:30:00', 8.00),
(981, 'NV020', '2025-04-10', '08:33:00', '17:30:00', 7.95),
(982, 'NV001', '2025-04-11', '08:30:00', '17:30:00', 8.00),
(983, 'NV002', '2025-04-11', '08:30:00', '17:30:00', 8.00),
(984, 'NV003', '2025-04-11', '08:32:00', '17:30:00', 7.97),
(985, 'NV004', '2025-04-11', '08:30:00', '17:30:00', 8.00),
(986, 'NV005', '2025-04-11', '08:30:00', '17:30:00', 8.00),
(987, 'NV006', '2025-04-11', '08:30:00', '17:30:00', 8.00),
(988, 'NV007', '2025-04-11', '08:27:00', '17:30:00', 8.00),
(989, 'NV008', '2025-04-11', '08:34:00', '17:30:00', 7.93),
(990, 'NV009', '2025-04-11', '08:30:00', '17:30:00', 8.00),
(991, 'NV010', '2025-04-11', '08:30:00', '17:30:00', 8.00),
(992, 'NV011', '2025-04-11', '08:30:00', '17:30:00', 8.00),
(993, 'NV012', '2025-04-11', '08:30:00', '17:30:00', 8.00),
(994, 'NV013', '2025-04-11', '08:27:00', '17:30:00', 8.00),
(995, 'NV014', '2025-04-11', '08:30:00', '17:30:00', 8.00),
(996, 'NV015', '2025-04-11', '08:34:00', '17:30:00', 7.93),
(997, 'NV016', '2025-04-11', '08:30:00', '17:30:00', 8.00),
(998, 'NV017', '2025-04-11', '08:30:00', '17:30:00', 8.00),
(999, 'NV018', '2025-04-11', '08:27:00', '17:30:00', 8.00),
(1000, 'NV019', '2025-04-11', '08:30:00', '17:30:00', 8.00),
(1001, 'NV020', '2025-04-11', '08:30:00', '17:30:00', 8.00),
(1002, 'NV001', '2025-04-14', '08:30:00', '17:30:00', 8.00),
(1003, 'NV002', '2025-04-14', '08:30:00', '17:30:00', 8.00),
(1004, 'NV003', '2025-04-14', '08:34:00', '17:30:00', 7.93),
(1005, 'NV004', '2025-04-14', '08:30:00', '17:30:00', 8.00),
(1006, 'NV005', '2025-04-14', '08:30:00', '17:30:00', 8.00),
(1007, 'NV006', '2025-04-14', '08:30:00', '17:30:00', 8.00),
(1008, 'NV007', '2025-04-14', '08:30:00', '17:30:00', 8.00),
(1009, 'NV008', '2025-04-14', '08:30:00', '17:30:00', 8.00),
(1010, 'NV009', '2025-04-14', '08:30:00', '17:30:00', 8.00),
(1011, 'NV010', '2025-04-14', '08:30:00', '17:30:00', 8.00),
(1012, 'NV011', '2025-04-14', '08:30:00', '17:30:00', 8.00),
(1013, 'NV012', '2025-04-14', '08:30:00', '17:30:00', 8.00),
(1014, 'NV013', '2025-04-14', '08:30:00', '17:30:00', 8.00),
(1015, 'NV014', '2025-04-14', '08:30:00', '17:30:00', 8.00),
(1016, 'NV015', '2025-04-14', '08:30:00', '17:30:00', 8.00),
(1017, 'NV016', '2025-04-14', '08:30:00', '17:30:00', 8.00),
(1018, 'NV017', '2025-04-14', '08:30:00', '17:30:00', 8.00),
(1019, 'NV018', '2025-04-14', '08:30:00', '17:30:00', 8.00),
(1020, 'NV019', '2025-04-14', '08:30:00', '17:30:00', 8.00),
(1021, 'NV020', '2025-04-14', '08:30:00', '17:30:00', 8.00),
(1022, 'NV001', '2025-04-15', '08:30:00', '17:30:00', 8.00),
(1023, 'NV002', '2025-04-15', '08:30:00', '17:30:00', 8.00),
(1024, 'NV003', '2025-04-15', '08:30:00', '17:30:00', 8.00),
(1025, 'NV004', '2025-04-15', '08:25:00', '17:30:00', 8.00),
(1026, 'NV005', '2025-04-15', '08:30:00', '17:30:00', 8.00),
(1027, 'NV006', '2025-04-15', '08:30:00', '17:30:00', 8.00),
(1028, 'NV007', '2025-04-15', '08:30:00', '17:30:00', 8.00),
(1029, 'NV008', '2025-04-15', '08:30:00', '17:30:00', 8.00),
(1030, 'NV009', '2025-04-15', '08:30:00', '17:30:00', 8.00),
(1031, 'NV010', '2025-04-15', '08:30:00', '17:30:00', 8.00),
(1032, 'NV011', '2025-04-15', '08:33:00', '17:30:00', 7.95),
(1033, 'NV012', '2025-04-15', '08:30:00', '17:30:00', 8.00),
(1034, 'NV013', '2025-04-15', '08:30:00', '17:30:00', 8.00),
(1035, 'NV014', '2025-04-15', '08:30:00', '17:30:00', 8.00),
(1036, 'NV015', '2025-04-15', '08:30:00', '17:30:00', 8.00),
(1037, 'NV016', '2025-04-15', '08:30:00', '17:30:00', 8.00),
(1038, 'NV017', '2025-04-15', '08:30:00', '17:30:00', 8.00),
(1039, 'NV018', '2025-04-15', '08:30:00', '17:30:00', 8.00),
(1040, 'NV019', '2025-04-15', '08:30:00', '17:30:00', 8.00),
(1041, 'NV020', '2025-04-15', '08:34:00', '17:30:00', 7.93),
(1042, 'NV001', '2025-04-16', '08:33:00', '17:30:00', 7.95),
(1043, 'NV002', '2025-04-16', '08:30:00', '17:30:00', 8.00),
(1044, 'NV003', '2025-04-16', '08:30:00', '17:30:00', 8.00),
(1045, 'NV004', '2025-04-16', '08:30:00', '17:30:00', 8.00),
(1046, 'NV005', '2025-04-16', '08:30:00', '17:30:00', 8.00),
(1047, 'NV006', '2025-04-16', '08:30:00', '17:30:00', 8.00),
(1048, 'NV007', '2025-04-16', '08:32:00', '17:30:00', 7.97),
(1049, 'NV008', '2025-04-16', '08:30:00', '17:30:00', 8.00),
(1050, 'NV009', '2025-04-16', '08:30:00', '17:30:00', 8.00),
(1051, 'NV010', '2025-04-16', '08:30:00', '17:30:00', 8.00),
(1052, 'NV011', '2025-04-16', '08:30:00', '17:30:00', 8.00),
(1053, 'NV012', '2025-04-16', '08:30:00', '17:30:00', 8.00),
(1054, 'NV013', '2025-04-16', '08:30:00', '17:30:00', 8.00),
(1055, 'NV014', '2025-04-16', '08:30:00', '17:30:00', 8.00),
(1056, 'NV015', '2025-04-16', '08:30:00', '17:30:00', 8.00),
(1057, 'NV016', '2025-04-16', '08:30:00', '17:30:00', 8.00),
(1058, 'NV017', '2025-04-16', '08:35:00', '17:30:00', 7.92),
(1059, 'NV018', '2025-04-16', '08:26:00', '17:30:00', 8.00),
(1060, 'NV019', '2025-04-16', '08:35:00', '17:30:00', 7.92),
(1061, 'NV020', '2025-04-16', '08:30:00', '17:30:00', 8.00);

-- --------------------------------------------------------

--
-- Cấu trúc bảng cho bảng `hs_nhan_vien`
--

CREATE TABLE `hs_nhan_vien` (
  `ma_nv` varchar(20) NOT NULL,
  `ho_ten` varchar(100) NOT NULL,
  `gioi_tinh` enum('Nam','Nữ','Khác') DEFAULT NULL,
  `ngay_sinh` date DEFAULT NULL,
  `cccd` varchar(20) DEFAULT NULL,
  `sdt` varchar(20) DEFAULT NULL,
  `email` varchar(100) DEFAULT NULL,
  `dia_chi` text DEFAULT NULL,
  `phong_ban` varchar(100) DEFAULT NULL,
  `chuc_vu` varchar(100) DEFAULT NULL,
  `ngay_vao_lam` date DEFAULT NULL
) ENGINE=InnoDB DEFAULT CHARSET=utf8mb4 COLLATE=utf8mb4_general_ci;

--
-- Đang đổ dữ liệu cho bảng `hs_nhan_vien`
--

INSERT INTO `hs_nhan_vien` (`ma_nv`, `ho_ten`, `gioi_tinh`, `ngay_sinh`, `cccd`, `sdt`, `email`, `dia_chi`, `phong_ban`, `chuc_vu`, `ngay_vao_lam`) VALUES
('NV001', 'Nguyễn Văn Nam', 'Nam', '2000-04-20', '079123456789', '0987654321', 'namnv@email.com', 'Hà Nội', 'Phòng IDC MB', 'Nhân viên', '2024-06-06'),
('NV002', 'Trần Thị Bình', 'Nữ', '1992-09-21', '001234567891', '0987654321', 'tranthibinh@email.com', '456 Trường Chinh, Hà Nội', 'Phòng tổng hợp', 'Nhân viên', '2022-06-01'),
('NV003', 'Lê Văn Cường', 'Nam', '1988-11-15', '001234567892', '0933445566', 'levancuong@email.com', '789 Lê Lợi, Hà Nội', 'Phòng quản lý chất lượng', 'Trưởng phòng', '2020-03-15'),
('NV004', 'Phạm Thị Dung', 'Nữ', '1995-04-18', '001234567893', '0908123456', 'phamthidung@email.com', '12 Lý Thường Kiệt, Hà Nội', 'Phòng tổng hợp', 'Nhân viên', '2023-02-20'),
('NV005', 'Hoàng Văn Đức', 'Nam', '1991-08-09', '001234567894', '0989123456', 'hoangvanduc@email.com', '34 Hai Bà Trưng, Hà Nội', 'Phòng IDC MB', 'Nhân viên', '2022-01-05'),
('NV006', 'Đỗ Thị Hạnh', 'Nữ', '1989-11-30', '001234567895', '0911223344', 'dothihanh@email.com', '78 Tôn Đức Thắng, Hà Nội', 'Phòng tổng hợp', 'Trưởng phòng', '2019-07-10'),
('NV007', 'Vũ Văn Hùng', 'Nam', '1993-03-25', '001234567896', '0909332211', 'vuvanhung@email.com', '98 Hoàng Quốc Việt, Hà Nội', 'Phòng quản lý chất lượng', 'Nhân viên', '2023-08-01'),
('NV008', 'Ngô Thị Lan', 'Nữ', '1990-07-14', '001234567897', '0922334455', 'ngothilan@email.com', '56 Nguyễn Văn Cừ, Hà Nội', 'Phòng tổng hợp', 'Nhân viên', '2021-11-11'),
('NV009', 'Trịnh Minh Quân', 'Nam', '1987-06-20', '001234567898', '0966554433', 'trinhminhquan@email.com', '11 Phan Bội Châu, Hà Nội', 'Phòng IDC MB', 'Trưởng phòng', '2018-05-01'),
('NV010', 'Lương Thu Trang', 'Nữ', '1994-02-02', '001234567899', '0944221166', 'luongthutrang@email.com', '22 Điện Biên Phủ, Hà Nội', 'Phòng tổng hợp', 'Nhân viên', '2024-01-15'),
('NV011', 'Nguyễn Thị Yến', 'Nữ', '1991-10-05', '001234567800', '0932112345', 'nguyenthiyen@email.com', '15 Trần Duy Hưng, Hà Nội', 'Phòng quản lý chất lượng', 'Nhân viên', '2020-06-10'),
('NV012', 'Bùi Văn Tuấn', 'Nam', '1986-04-18', '001234567801', '0977888999', 'buivantuan@email.com', '68 Nguyễn Chí Thanh, Hà Nội', 'Phòng tổng hợp', 'Nhân viên', '2017-10-22'),
('NV013', 'Đặng Thị Hoa', 'Nữ', '1995-07-09', '001234567802', '0988445566', 'dangthihoa@email.com', '40 Giải Phóng, Hà Nội', 'Phòng quản lý chất lượng', 'Nhân viên', '2022-12-12'),
('NV014', 'Phan Văn Mạnh', 'Nam', '1993-03-03', '001234567803', '0911778899', 'phanvanmanh@email.com', '79 Phạm Văn Đồng, Hà Nội', 'Phòng tổng hợp', 'Nhân viên', '2021-08-18'),
('NV015', 'Lý Thị Mai', 'Nữ', '1988-09-01', '001234567804', '0966998877', 'lythimai@email.com', '33 Xuân Thủy, Hà Nội', 'Phòng quản lý chất lượng', 'Nhân viên', '2019-09-09'),
('NV016', 'Nguyễn Văn Hậu', 'Nam', '1990-11-22', '001234567805', '0922113344', 'nguyenvanhau@email.com', '88 Kim Mã, Hà Nội', 'Phòng tổng hợp', 'Nhân viên', '2020-01-01'),
('NV017', 'Trần Thị Lệ', 'Nữ', '1996-12-31', '001234567806', '0933449988', 'tranthile@email.com', '70 Láng Hạ, Hà Nội', 'Phòng IDC MN', 'Nhân viên', '2023-03-20'),
('NV018', 'Cao Văn Hưng', 'Nam', '1985-08-08', '001234567807', '0906778899', 'caovanhung@email.com', '66 Nguyễn Du, Hà Nội', 'Phòng IDC MN', 'Trưởng phòng', '2016-05-25'),
('NV019', 'Vũ Thị Ngọc', 'Nữ', '1992-06-06', '001234567808', '0988112233', 'vuthingoc@email.com', '99 Thái Hà, Hà Nội', 'Phòng IDC MN', 'Nhân viên', '2022-10-10'),
('NV020', 'Tô Văn Hải', 'Nam', '1989-02-14', '001234567809', '0944556677', 'tovanhai@email.com', '25 Bạch Mai, Hà Nội', 'Phòng tổng hợp', 'Nhân viên', '2021-05-05');

-- --------------------------------------------------------

--
-- Cấu trúc bảng cho bảng `luong`
--

CREATE TABLE `luong` (
  `id` int(11) NOT NULL,
  `ma_nv` varchar(20) DEFAULT NULL,
  `thang` int(11) DEFAULT NULL,
  `nam` int(11) DEFAULT NULL,
  `luong_cb` decimal(15,2) DEFAULT NULL,
  `phu_cap` decimal(15,2) DEFAULT NULL,
  `khau_tru` decimal(15,2) DEFAULT NULL,
  `so_ngay_cong` int(11) DEFAULT NULL,
  `luong_thuc_nhan` decimal(15,2) DEFAULT NULL
) ENGINE=InnoDB DEFAULT CHARSET=utf8mb4 COLLATE=utf8mb4_general_ci;

--
-- Đang đổ dữ liệu cho bảng `luong`
--

INSERT INTO `luong` (`id`, `ma_nv`, `thang`, `nam`, `luong_cb`, `phu_cap`, `khau_tru`, `so_ngay_cong`, `luong_thuc_nhan`) VALUES
(4, 'NV001', 2, 2025, 15000000.00, 2000000.00, 1200000.00, 20, 14428693.00),
(5, 'NV002', 2, 2025, 12000000.00, 1500000.00, 1000000.00, 20, 11409090.00),
(6, 'NV003', 2, 2025, 11000000.00, 1300000.00, 900000.00, 20, 10392500.00),
(7, 'NV004', 2, 2025, 10000000.00, 1200000.00, 800000.00, 20, 9485227.00),
(8, 'NV005', 2, 2025, 9000000.00, 1000000.00, 700000.00, 20, 8475681.00),
(9, 'NV006', 2, 2025, 14500000.00, 1900000.00, 1150000.00, 20, 13918636.00),
(10, 'NV007', 2, 2025, 12500000.00, 1600000.00, 1050000.00, 20, 11895170.00),
(11, 'NV008', 2, 2025, 11500000.00, 1400000.00, 950000.00, 20, 10899971.00),
(12, 'NV009', 2, 2025, 10500000.00, 1100000.00, 850000.00, 20, 9777556.00),
(13, 'NV010', 2, 2025, 8500000.00, 900000.00, 600000.00, 20, 8020028.00),
(14, 'NV011', 2, 2025, 14000000.00, 1850000.00, 1100000.00, 20, 13469318.00),
(15, 'NV012', 2, 2025, 13000000.00, 1700000.00, 1020000.00, 20, 12487102.00),
(16, 'NV013', 2, 2025, 12000000.00, 1500000.00, 950000.00, 20, 11450909.00),
(17, 'NV014', 2, 2025, 10000000.00, 1300000.00, 850000.00, 20, 9533522.00),
(18, 'NV015', 2, 2025, 8500000.00, 1100000.00, 700000.00, 20, 8117130.00),
(19, 'NV016', 2, 2025, 13800000.00, 1800000.00, 1080000.00, 20, 13265454.00),
(20, 'NV017', 2, 2025, 12800000.00, 1600000.00, 980000.00, 20, 12256363.00),
(21, 'NV018', 2, 2025, 11800000.00, 1400000.00, 900000.00, 20, 11213193.00),
(22, 'NV019', 2, 2025, 10800000.00, 1200000.00, 850000.00, 20, 10153454.00),
(23, 'NV020', 2, 2025, 9800000.00, 1000000.00, 600000.00, 20, 9301852.00),
(24, 'NV001', 3, 2025, 15000000.00, 2000000.00, 1200000.00, 21, 15113068.00),
(25, 'NV002', 3, 2025, 12000000.00, 1500000.00, 1000000.00, 21, 11940227.00),
(26, 'NV003', 3, 2025, 11000000.00, 1300000.00, 900000.00, 21, 10895000.00),
(27, 'NV004', 3, 2025, 10000000.00, 1200000.00, 800000.00, 21, 9935795.00),
(28, 'NV005', 3, 2025, 9000000.00, 1000000.00, 700000.00, 21, 8882215.00),
(29, 'NV006', 3, 2025, 14500000.00, 1900000.00, 1150000.00, 21, 14586789.00),
(30, 'NV007', 3, 2025, 12500000.00, 1600000.00, 1050000.00, 21, 12472585.00),
(31, 'NV008', 3, 2025, 11500000.00, 1400000.00, 950000.00, 21, 11414204.00),
(32, 'NV009', 3, 2025, 10500000.00, 1100000.00, 850000.00, 21, 10272727.00),
(33, 'NV010', 3, 2025, 8500000.00, 900000.00, 600000.00, 21, 8408323.00),
(34, 'NV011', 3, 2025, 14000000.00, 1850000.00, 1100000.00, 21, 14101704.00),
(35, 'NV012', 3, 2025, 13000000.00, 1700000.00, 1020000.00, 21, 13083920.00),
(36, 'NV013', 3, 2025, 12000000.00, 1500000.00, 950000.00, 21, 11997045.00),
(37, 'NV014', 3, 2025, 10000000.00, 1300000.00, 850000.00, 21, 9993749.00),
(38, 'NV015', 3, 2025, 8500000.00, 1100000.00, 700000.00, 21, 8513636.00),
(39, 'NV016', 3, 2025, 13800000.00, 1800000.00, 1080000.00, 21, 13888806.00),
(40, 'NV017', 3, 2025, 12800000.00, 1600000.00, 980000.00, 21, 12827999.00),
(41, 'NV018', 3, 2025, 11800000.00, 1400000.00, 900000.00, 21, 11754920.00),
(42, 'NV019', 3, 2025, 10800000.00, 1200000.00, 850000.00, 21, 10648045.00),
(43, 'NV020', 3, 2025, 9800000.00, 1000000.00, 600000.00, 21, 9752875.00);

-- --------------------------------------------------------

--
-- Cấu trúc bảng cho bảng `tai_khoan`
--

CREATE TABLE `tai_khoan` (
  `id` int(11) NOT NULL,
  `ten_dang_nhap` varchar(100) NOT NULL,
  `mat_khau` varchar(255) NOT NULL
) ENGINE=InnoDB DEFAULT CHARSET=utf8mb4 COLLATE=utf8mb4_general_ci;

--
-- Đang đổ dữ liệu cho bảng `tai_khoan`
--

INSERT INTO `tai_khoan` (`id`, `ten_dang_nhap`, `mat_khau`) VALUES
(1, 'idc', 'idc');

-- --------------------------------------------------------

--
-- Cấu trúc bảng cho bảng `tin_tuyen_dung`
--

CREATE TABLE `tin_tuyen_dung` (
  `id` int(11) NOT NULL,
  `tieu_de` varchar(255) DEFAULT NULL,
  `mo_ta` text DEFAULT NULL,
  `yeu_cau` text DEFAULT NULL,
  `muc_luong` varchar(100) DEFAULT NULL
) ENGINE=InnoDB DEFAULT CHARSET=utf8mb4 COLLATE=utf8mb4_general_ci;

--
-- Đang đổ dữ liệu cho bảng `tin_tuyen_dung`
--

INSERT INTO `tin_tuyen_dung` (`id`, `tieu_de`, `mo_ta`, `yeu_cau`, `muc_luong`) VALUES
(3, 'Manual Tester', 'Tham gia và nghiên cứu các phần mềm thuộc dự án đang làm.\r\nLập kế hoạch kiểm thử, viết testcase cho việc kiểm thử.\r\nLog bug, đánh giá mức độ nghiêm trọng của lỗi và theo dõi trạng thái lỗi.\r\nChịu trách nhiệm về việc đo lường, phân tích và báo cáo dữ liệu nhằm đánh giá chất lượng sản phẩm.\r\nGiao tiếp với Designer và Developer cùng các bên liên quan nội bộ khác để làm rõ các yêu cầu.\r\nHoàn thành các công việc theo yêu cầu của quản lý.', 'Có thể làm việc FULL TIME\r\nSinh viên năm cuối ngành CNTT và các ngành khác liên quan.\r\nCó kiến thức nền tảng về các công cụ test và phương pháp test.\r\nƯu tiên các ứng viên đã làm các dự án, sử dụng cả web và mobile.\r\nƯu tiên các ứng viên có hướng lên PO hoặc BA.\r\nNăng động, chăm chỉ, tỉ mỉ và có tinh thần trách nhiệm cao trong công việc\r\nCó khả năng làm việc độc lập và làm việc nhóm tốt.\r\nƯu tiên ứng viên có thể đọc hiểu tiếng Anh.\r\nCó thể gắn bó lâu dài với công ty.', '8.000.000đ - 12.000.000đ / tháng'),
(4, 'Tester Jobs Definition', 'Lập kế hoạch test, tạo test case và thực hiện test cho các website/app.\r\nQuản lý bug và tiến độ fix bug của dev, thực hiện kiểm tra lại và kiểm tra hồi quy.\r\nBiên soạn tài liệu phục vụ cho việc test, phân tích kết quả test, báo cáo kết quả test. \r\nQuản lý tiến độ test, chất lượng sản phẩm.', 'Có từ 2-3 năm kinh nghiệm trở lên ở vị trí tương đương.\r\nCó khả năng đọc hiểu tài liệu, phân tích yêu cầu, có khả năng tư duy logic.\r\nCó khả năng viết báo cáo.\r\nHiểu biết về các giai đoạn kiểm thử (Unit Test, Integration Test, System Test v.v...), và các kỹ thuật kiểm thử phần mềm.\r\nThành thạo Google Spreadsheet, google document.\r\nỨng viên có tiếng Nhật là 1 lợi thế.\r\nNăng động, nhiệt tình, chăm chỉ, có trách nhiệm với công việc.\r\n', 'Thỏa thuận'),
(5, 'Test Game', 'Kiểm tra chất lượng các sản phẩm game của công ty\r\nPhát hiện và gửi báo cáo về các lỗi, sự cố và các vấn đề khác trong quá trình chơi game.\r\nLàm công việc do leader giao.', 'Chăm chỉ, tỉ mỉ, cẩn thận\r\nCó khả năng phát hiện ra các lỗi trong Game\r\nCó khả năng làm việc nhóm và giao tiếp tốt.\r\nƯu tiên tuyển nữ, tỉ mỉ, cẩn thận.\r\nKhông yêu cầu kinh nghiệm, được đào tạo từ đầu', '9 - 10 triệu'),
(6, 'PHP Developer', 'Tham gia vào phát triển các dự án với vai trò developer từ giai đoạn Basic Design, Detail Design, Development, Release. \r\nLàm các công việc khác theo sự phân công của quản lý( Research new Technologies, Support team…) ', 'Có ít nhất 2 năm kinh nghiệm làm việc với PHP công ty Outsource\r\nCó kiến thức nền tảng tốt về OOP, Web Development, DBMS, ORM, Design Pattern \r\nCó kinh nghiệm sử dụng một trong các Framework PHP: CakePHP, Yii, Laravel \r\nThao tác tốt với HTML, CSS, JavaScript (Jquery, AngularJS, ...), Bootstrap, JSON, XML,.. \r\nCó kinh nghiệm làm việc với MySQL hoặc NoSQL (MongoDB) \r\nNắm vững mô hình MVC \r\nThành thạo Git', 'Thỏa thuận'),
(7, 'ReactJS Developer', 'Tham gia các dự án sử dụng ngôn ngữ lập trình ReactJS.…và các công nghệ liên quan cho các khách hàng đến từ Nhật Bản. \r\nPhân tích thiết kế, lập trình và viết UT cho các chức năng của các hệ thống nghiệp vụ hoặc webapp. \r\nThực hiện UI của ứng dụng web hiện đại, giàu tương tác với yêu cầu cao về chất lượng và độ tin cậy \r\nThảo luận và tư vấn về API backend \r\nNghiên cứu công nghệ thích hợp để giải quyết vấn đề \r\nLàm việc vs các CMS như wordpress ', 'Tốt nghiệp Đại học, Cao đẳng chuyên ngành CNTT. \r\nTối thiểu 1 năm kinh nghiệm Frontend (Reactjs, Next.js, TypeScript)\r\nThành thạo HTML5, CSS3, JS, Jquery \r\nCó kiến thức về responsive design, cross browser compatibility \r\nCó kinh nghiệm sử dụng git \r\nOptional: Tailwind, CSS (thành thạo là một lợi thế)', 'Thỏa thuận');

-- --------------------------------------------------------

--
-- Cấu trúc bảng cho bảng `tt_luong`
--

CREATE TABLE `tt_luong` (
  `id` int(11) NOT NULL,
  `ma_nv` varchar(20) NOT NULL,
  `luong_cb` decimal(15,2) DEFAULT NULL,
  `phu_cap` decimal(15,2) DEFAULT NULL,
  `khau_tru` decimal(15,2) DEFAULT NULL
) ENGINE=InnoDB DEFAULT CHARSET=utf8mb4 COLLATE=utf8mb4_general_ci;

--
-- Đang đổ dữ liệu cho bảng `tt_luong`
--

INSERT INTO `tt_luong` (`id`, `ma_nv`, `luong_cb`, `phu_cap`, `khau_tru`) VALUES
(1, 'NV001', 15000000.00, 2000000.00, 1200000.00),
(2, 'NV002', 12000000.00, 1500000.00, 1000000.00),
(3, 'NV003', 11000000.00, 1300000.00, 900000.00),
(4, 'NV004', 10000000.00, 1200000.00, 800000.00),
(5, 'NV005', 9000000.00, 1000000.00, 700000.00),
(6, 'NV006', 14500000.00, 1900000.00, 1150000.00),
(7, 'NV007', 12500000.00, 1600000.00, 1050000.00),
(8, 'NV008', 11500000.00, 1400000.00, 950000.00),
(9, 'NV009', 10500000.00, 1100000.00, 850000.00),
(10, 'NV010', 8500000.00, 900000.00, 600000.00),
(11, 'NV011', 14000000.00, 1850000.00, 1100000.00),
(12, 'NV012', 13000000.00, 1700000.00, 1020000.00),
(13, 'NV013', 12000000.00, 1500000.00, 950000.00),
(14, 'NV014', 10000000.00, 1300000.00, 850000.00),
(15, 'NV015', 8500000.00, 1100000.00, 700000.00),
(16, 'NV016', 13800000.00, 1800000.00, 1080000.00),
(17, 'NV017', 12800000.00, 1600000.00, 980000.00),
(18, 'NV018', 11800000.00, 1400000.00, 900000.00),
(19, 'NV019', 10800000.00, 1200000.00, 850000.00),
(20, 'NV020', 9800000.00, 1000000.00, 600000.00);

-- --------------------------------------------------------

--
-- Cấu trúc bảng cho bảng `ung_vien`
--

CREATE TABLE `ung_vien` (
  `id` int(11) NOT NULL,
  `ho_ten` varchar(100) DEFAULT NULL,
  `sdt` varchar(20) DEFAULT NULL,
  `email` varchar(100) DEFAULT NULL,
  `vi_tri_ung_tuyen` varchar(255) DEFAULT NULL,
  `trang_thai` enum('Đang xét duyệt','Mời phỏng vấn','Trúng tuyển','Không trúng tuyển') DEFAULT 'Đang xét duyệt'
) ENGINE=InnoDB DEFAULT CHARSET=utf8mb4 COLLATE=utf8mb4_general_ci;

--
-- Đang đổ dữ liệu cho bảng `ung_vien`
--

INSERT INTO `ung_vien` (`id`, `ho_ten`, `sdt`, `email`, `vi_tri_ung_tuyen`, `trang_thai`) VALUES
(1, 'Lâm Thị Như Ý', '0912345678', 'lam.nhuy@email.com', 'Manual Tester', 'Trúng tuyển'),
(2, 'Phan Quốc Tuấn', '0923456789', 'phan.tuan@email.com', 'Tester Jobs Definition', 'Không trúng tuyển'),
(3, 'Tống Thị Bích Ngọc', '0934567890', 'bich.ngoc@email.com', 'Test Game', 'Trúng tuyển'),
(4, 'Nguyễn Trọng Đại', '0945678901', 'trong.dai@email.com', 'PHP Developer', 'Mời phỏng vấn'),
(5, 'Hồ Thị Kim Ngân', '0956789012', 'kim.ngan@email.com', 'ReactJS Developer', 'Mời phỏng vấn'),
(6, 'Đoàn Văn Lộc', '0967890123', 'van.loc@email.com', 'Manual Tester', 'Trúng tuyển'),
(7, 'Châu Thị Kiều', '0978901234', 'chau.kieu@email.com', 'Tester Jobs Definition', 'Trúng tuyển'),
(8, 'Trịnh Thanh Phong', '0989012345', 'thanh.phong@email.com', 'Manual Tester', 'Đang xét duyệt'),
(9, 'Phạm Gia Hưng', '0990123456', 'gia.hung@email.com', 'Test Game', 'Không trúng tuyển'),
(10, 'Mai Thị Hồng', '0901234567', 'mai.hong@email.com', 'Manual Tester', 'Mời phỏng vấn'),
(11, 'Nguyễn Hải Yến', '0912345689', 'hai.yen@email.com', 'PHP Developer', 'Không trúng tuyển'),
(12, 'Đỗ Trung Tín', '0923456790', 'trung.tin@email.com', 'Tester Jobs Definition', 'Trúng tuyển'),
(13, 'Kiều Thị Mỹ Linh', '0934567801', 'my.linh@email.com', 'ReactJS Developer', 'Trúng tuyển'),
(14, 'Lê Hoàng Sơn', '0945678912', 'hoang.son@email.com', 'Test Game', 'Trúng tuyển'),
(15, 'Trần Mỹ Duyên', '0956789023', 'my.duyen@email.com', 'PHP Developer', 'Trúng tuyển');

--
-- Chỉ mục cho các bảng đã đổ
--

--
-- Chỉ mục cho bảng `cham_cong`
--
ALTER TABLE `cham_cong`
  ADD PRIMARY KEY (`id`),
  ADD KEY `ma_nv` (`ma_nv`);

--
-- Chỉ mục cho bảng `hs_nhan_vien`
--
ALTER TABLE `hs_nhan_vien`
  ADD PRIMARY KEY (`ma_nv`);

--
-- Chỉ mục cho bảng `luong`
--
ALTER TABLE `luong`
  ADD PRIMARY KEY (`id`),
  ADD KEY `ma_nv` (`ma_nv`);

--
-- Chỉ mục cho bảng `tai_khoan`
--
ALTER TABLE `tai_khoan`
  ADD PRIMARY KEY (`id`),
  ADD UNIQUE KEY `ten_dang_nhap` (`ten_dang_nhap`);

--
-- Chỉ mục cho bảng `tin_tuyen_dung`
--
ALTER TABLE `tin_tuyen_dung`
  ADD PRIMARY KEY (`id`),
  ADD UNIQUE KEY `tieu_de` (`tieu_de`);

--
-- Chỉ mục cho bảng `tt_luong`
--
ALTER TABLE `tt_luong`
  ADD PRIMARY KEY (`id`),
  ADD KEY `fk_ttluong_nv` (`ma_nv`);

--
-- Chỉ mục cho bảng `ung_vien`
--
ALTER TABLE `ung_vien`
  ADD PRIMARY KEY (`id`),
  ADD KEY `fk_vi_tri` (`vi_tri_ung_tuyen`);

--
-- AUTO_INCREMENT cho các bảng đã đổ
--

--
-- AUTO_INCREMENT cho bảng `cham_cong`
--
ALTER TABLE `cham_cong`
  MODIFY `id` int(11) NOT NULL AUTO_INCREMENT, AUTO_INCREMENT=1064;

--
-- AUTO_INCREMENT cho bảng `luong`
--
ALTER TABLE `luong`
  MODIFY `id` int(11) NOT NULL AUTO_INCREMENT, AUTO_INCREMENT=64;

--
-- AUTO_INCREMENT cho bảng `tai_khoan`
--
ALTER TABLE `tai_khoan`
  MODIFY `id` int(11) NOT NULL AUTO_INCREMENT, AUTO_INCREMENT=2;

--
-- AUTO_INCREMENT cho bảng `tin_tuyen_dung`
--
ALTER TABLE `tin_tuyen_dung`
  MODIFY `id` int(11) NOT NULL AUTO_INCREMENT, AUTO_INCREMENT=9;

--
-- AUTO_INCREMENT cho bảng `tt_luong`
--
ALTER TABLE `tt_luong`
  MODIFY `id` int(11) NOT NULL AUTO_INCREMENT, AUTO_INCREMENT=21;

--
-- AUTO_INCREMENT cho bảng `ung_vien`
--
ALTER TABLE `ung_vien`
  MODIFY `id` int(11) NOT NULL AUTO_INCREMENT, AUTO_INCREMENT=17;

--
-- Các ràng buộc cho các bảng đã đổ
--

--
-- Các ràng buộc cho bảng `cham_cong`
--
ALTER TABLE `cham_cong`
  ADD CONSTRAINT `cham_cong_ibfk_1` FOREIGN KEY (`ma_nv`) REFERENCES `hs_nhan_vien` (`ma_nv`);

--
-- Các ràng buộc cho bảng `luong`
--
ALTER TABLE `luong`
  ADD CONSTRAINT `luong_ibfk_1` FOREIGN KEY (`ma_nv`) REFERENCES `hs_nhan_vien` (`ma_nv`);

--
-- Các ràng buộc cho bảng `tt_luong`
--
ALTER TABLE `tt_luong`
  ADD CONSTRAINT `fk_ttluong_nv` FOREIGN KEY (`ma_nv`) REFERENCES `hs_nhan_vien` (`ma_nv`);

--
-- Các ràng buộc cho bảng `ung_vien`
--
ALTER TABLE `ung_vien`
  ADD CONSTRAINT `fk_vi_tri` FOREIGN KEY (`vi_tri_ung_tuyen`) REFERENCES `tin_tuyen_dung` (`tieu_de`) ON DELETE SET NULL ON UPDATE CASCADE;
COMMIT;

/*!40101 SET CHARACTER_SET_CLIENT=@OLD_CHARACTER_SET_CLIENT */;
/*!40101 SET CHARACTER_SET_RESULTS=@OLD_CHARACTER_SET_RESULTS */;
/*!40101 SET COLLATION_CONNECTION=@OLD_COLLATION_CONNECTION */;
